a_grad_norm,asset,auxiliary_grad_norm,auxiliary_gradient_definition,auxiliary_loss,batch_index,component,cosine,dot,global_task_id,group,joint_grad_norm,linearity_max_abs,main_grad_norm,main_loss,occurrence,other_batch_index,parameter_count,parameter_groups,q_a_cosine,q_a_dot,q_grad_norm,record,teacher_demo,window
,C600,0.06829716944255436,native_joint_vjp_minus_main_vjp,0.03725222125649452,1,,,,34,,0.20341145295808055,2.3283064365386963e-10,0.15686911464310968,0.0963167633329119,67,,,"{""action_meta"":144,""compiler"":25,""factor_heads"":16,""procedure"":42,""semantic_core"":30,""text_meta"":144,""vl_meta"":144}",,,,draw,26,B4
,C600,0.3322906485326079,native_joint_vjp_minus_main_vjp,0.07917170971632004,1,,,,12,,0.4390715437933996,2.3283064365386963e-10,0.21603507529240004,0.06708956545307523,67,,,"{""action_meta"":144,""compiler"":25,""factor_heads"":16,""procedure"":42,""semantic_core"":30,""text_meta"":144,""vl_meta"":144}",,,,draw,15,B4
,C600,0.1711884192686318,native_joint_vjp_minus_main_vjp,0.057594459503889084,1,,,,38,,0.3101431790172559,2.3283064365386963e-10,0.26946187730134974,0.11818187719299679,67,,,"{""action_meta"":144,""compiler"":25,""factor_heads"":16,""procedure"":42,""semantic_core"":30,""text_meta"":144,""vl_meta"":144}",,,,draw,20,B4
,C600,0.026120025141958773,native_joint_vjp_minus_main_vjp,0.01563706435263157,1,,,,64,,0.08189157291997748,2.3283064365386963e-10,0.07991941526729804,0.0978290027096158,67,,,"{""action_meta"":144,""compiler"":25,""factor_heads"":16,""procedure"":42,""semantic_core"":30,""text_meta"":144,""vl_meta"":144}",,,,draw,43,B4
,C600,0.06231696532032465,native_joint_vjp_minus_main_vjp,0.05137692764401436,2,,,,101,,0.07242370009844401,2.3283064365386963e-10,0.05037863488159843,0.057973376519623254,67,,,"{""action_meta"":144,""compiler"":25,""factor_heads"":16,""procedure"":42,""semantic_core"":30,""text_meta"":144,""vl_meta"":144}",,,,draw,34,B36_component
,C600,0.2226191667641182,native_joint_vjp_minus_main_vjp,0.05248537287116051,2,,,,20,,0.40788754835842383,2.3283064365386963e-10,0.31683591267261496,0.11472225189208984,67,,,"{""action_meta"":144,""compiler"":25,""factor_heads"":16,""procedure"":42,""semantic_core"":30,""text_meta"":144,""vl_meta"":144}",,,,draw,4,B36_component
,C600,0.42085174850155066,native_joint_vjp_minus_main_vjp,0.08081027865409851,2,,,,19,,0.5318508050081698,2.3283064365386963e-10,0.23580154062107578,0.10922307804936454,67,,,"{""action_meta"":144,""compiler"":25,""factor_heads"":16,""procedure"":42,""semantic_core"":30,""text_meta"":144,""vl_meta"":144}",,,,draw,34,B36_component
,C600,0.2938833479895167,native_joint_vjp_minus_main_vjp,0.08704148232936859,2,,,,32,,0.4435719309312108,2.3283064365386963e-10,0.2606515983595553,0.10699641633601414,67,,,"{""action_meta"":144,""compiler"":25,""factor_heads"":16,""procedure"":42,""semantic_core"":30,""text_meta"":144,""vl_meta"":144}",,,,draw,21,B36_component
,C600,0.06410690964347016,native_joint_vjp_minus_main_vjp,0.04444589093327522,3,,,,96,,0.09488729696415069,2.3283064365386963e-10,0.083253776103427,0.08099528756879625,67,,,"{""action_meta"":144,""compiler"":25,""factor_heads"":16,""procedure"":42,""semantic_core"":30,""text_meta"":144,""vl_meta"":144}",,,,draw,36,B36_component
,C600,0.10767510988610565,native_joint_vjp_minus_main_vjp,0.07953137904405594,3,,,,37,,0.25475067814371205,2.3283064365386963e-10,0.21627510381972812,0.11504305650790532,67,,,"{""action_meta"":144,""compiler"":25,""factor_heads"":16,""procedure"":42,""semantic_core"":30,""text_meta"":144,""vl_meta"":144}",,,,draw,39,B36_component
,C600,0.14717036317161997,native_joint_vjp_minus_main_vjp,0.03762245923280716,3,,,,14,,0.20964074053106577,2.3283064365386963e-10,0.19857221712786396,0.07453941678007443,67,,,"{""action_meta"":144,""compiler"":25,""factor_heads"":16,""procedure"":42,""semantic_core"":30,""text_meta"":144,""vl_meta"":144}",,,,draw,44,B36_component
,C600,0.13704093647023988,native_joint_vjp_minus_main_vjp,0.050644468516111374,3,,,,17,,0.3181541998088422,2.3283064365386963e-10,0.27048872225093257,0.08166851209742682,67,,,"{""action_meta"":144,""compiler"":25,""factor_heads"":16,""procedure"":42,""semantic_core"":30,""text_meta"":144,""vl_meta"":144}",,,,draw,24,B36_component
,C600,0.15539659536418157,native_joint_vjp_minus_main_vjp,0.07923091948032379,4,,,,62,,0.17175709760580674,2.3283064365386963e-10,0.08902383855470686,0.09655231982469559,67,,,"{""action_meta"":144,""compiler"":25,""factor_heads"":16,""procedure"":42,""semantic_core"":30,""text_meta"":144,""vl_meta"":144}",,,,draw,13,B36_component
,C600,0.5105682097035591,native_joint_vjp_minus_main_vjp,0.12569943070411682,4,,,,22,,0.530257326131783,2.3283064365386963e-10,0.21320803664234267,0.1214861429872967,67,,,"{""action_meta"":144,""compiler"":25,""factor_heads"":16,""procedure"":42,""semantic_core"":30,""text_meta"":144,""vl_meta"":144}",,,,draw,24,B36_component
,C600,0.04254399594469362,native_joint_vjp_minus_main_vjp,0.02294064126908779,4,,,,43,,0.08628319915201915,2.3283064365386963e-10,0.060694610137378986,0.07529307387414433,67,,,"{""action_meta"":144,""compiler"":25,""factor_heads"":16,""procedure"":42,""semantic_core"":30,""text_meta"":144,""vl_meta"":144}",,,,draw,12,B36_component
,C600,0.3082615593095785,native_joint_vjp_minus_main_vjp,0.10513952374458313,4,,,,0,,0.5698606800193147,2.3283064365386963e-10,0.3919652821936857,0.17294442085992723,67,,,"{""action_meta"":144,""compiler"":25,""factor_heads"":16,""procedure"":42,""semantic_core"":30,""text_meta"":144,""vl_meta"":144}",,,,draw,16,B36_component
,C600,0.08935504084561324,native_joint_vjp_minus_main_vjp,0.017855916172266006,5,,,,36,,0.28430346584794597,2.3283064365386963e-10,0.2661952945246676,0.11664005475384848,67,,,"{""action_meta"":144,""compiler"":25,""factor_heads"":16,""procedure"":42,""semantic_core"":30,""text_meta"":144,""vl_meta"":144}",,,,draw,31,B36_component
,C600,0.135661502315205,native_joint_vjp_minus_main_vjp,0.07755146920681,5,,,,35,,0.18154027613382837,2.3283064365386963e-10,0.10634793395787888,0.06369284717809587,67,,,"{""action_meta"":144,""compiler"":25,""factor_heads"":16,""procedure"":42,""semantic_core"":30,""text_meta"":144,""vl_meta"":144}",,,,draw,39,B36_component
,C600,0.18299639989718908,native_joint_vjp_minus_main_vjp,0.10875449329614639,5,,,,4,,0.33202050556723345,2.3283064365386963e-10,0.21873167780281147,0.10686591338543663,67,,,"{""action_meta"":144,""compiler"":25,""factor_heads"":16,""procedure"":42,""semantic_core"":30,""text_meta"":144,""vl_meta"":144}",,,,draw,45,B36_component
,C600,0.03189923625998255,native_joint_vjp_minus_main_vjp,0.01800755225121975,5,,,,95,,0.08349298800093238,2.3283064365386963e-10,0.07526517623904634,0.08560368347735631,67,,,"{""action_meta"":144,""compiler"":25,""factor_heads"":16,""procedure"":42,""semantic_core"":30,""text_meta"":144,""vl_meta"":144}",,,,draw,8,B36_component
,C600,0.2663110877808642,native_joint_vjp_minus_main_vjp,0.11480215191841125,6,,,,29,,0.41325604336151084,2.3283064365386963e-10,0.28422488230769577,0.1636072177262533,67,,,"{""action_meta"":144,""compiler"":25,""factor_heads"":16,""procedure"":42,""semantic_core"":30,""text_meta"":144,""vl_meta"":144}",,,,draw,11,B36_component
,C600,0.014927592261009736,native_joint_vjp_minus_main_vjp,0.00814339704811573,6,,,,51,,0.08148882844321227,2.3283064365386963e-10,0.07989728439829169,0.08068050621520904,67,,,"{""action_meta"":144,""compiler"":25,""factor_heads"":16,""procedure"":42,""semantic_core"":30,""text_meta"":144,""vl_meta"":144}",,,,draw,12,B36_component
,C600,0.15194681415759104,native_joint_vjp_minus_main_vjp,0.026527632027864456,6,,,,15,,0.3019539709677599,2.3283064365386963e-10,0.24212391892314775,0.08954017112652461,67,,,"{""action_meta"":144,""compiler"":25,""factor_heads"":16,""procedure"":42,""semantic_core"":30,""text_meta"":144,""vl_meta"":144}",,,,draw,33,B36_component
,C600,0.14482120186198108,native_joint_vjp_minus_main_vjp,0.051300253719091415,6,,,,25,,0.3166136706854796,2.3283064365386963e-10,0.31304215627967635,0.13136874068351018,67,,,"{""action_meta"":144,""compiler"":25,""factor_heads"":16,""procedure"":42,""semantic_core"":30,""text_meta"":144,""vl_meta"":144}",,,,draw,10,B36_component
,C600,0.10196435170685135,native_joint_vjp_minus_main_vjp,0.05061040446162224,7,,,,73,,0.15349847036051972,2.3283064365386963e-10,0.1101311637166542,0.09869579757962907,67,,,"{""action_meta"":144,""compiler"":25,""factor_heads"":16,""procedure"":42,""semantic_core"":30,""text_meta"":144,""vl_meta"":144}",,,,draw,20,B36_component
,C600,0.09502812367483014,native_joint_vjp_minus_main_vjp,0.026376575231552124,7,,,,28,,0.2279123199814487,2.3283064365386963e-10,0.18505018479664917,0.13854648988871346,67,,,"{""action_meta"":144,""compiler"":25,""factor_heads"":16,""procedure"":42,""semantic_core"":30,""text_meta"":144,""vl_meta"":144}",,,,draw,2,B36_component
,C600,0.0643603634419308,native_joint_vjp_minus_main_vjp,0.01821347139775753,7,,,,21,,0.2572490386690808,2.3283064365386963e-10,0.22113927614787868,0.08166506318818954,67,,,"{""action_meta"":144,""compiler"":25,""factor_heads"":16,""procedure"":42,""semantic_core"":30,""text_meta"":144,""vl_meta"":144}",,,,draw,20,B36_component
,C600,0.042568383757193885,native_joint_vjp_minus_main_vjp,0.03786197304725647,7,,,,56,,0.08887902783448166,2.3283064365386963e-10,0.07615604701249858,0.08737220260358991,67,,,"{""action_meta"":144,""compiler"":25,""factor_heads"":16,""procedure"":42,""semantic_core"":30,""text_meta"":144,""vl_meta"":144}",,,,draw,10,B36_component
,C600,0.1450680569451396,native_joint_vjp_minus_main_vjp,0.04481497406959534,8,,,,1,,0.29947703649065016,2.3283064365386963e-10,0.25755488479312555,0.10993399896792003,67,,,"{""action_meta"":144,""compiler"":25,""factor_heads"":16,""procedure"":42,""semantic_core"":30,""text_meta"":144,""vl_meta"":144}",,,,draw,26,B36_component
,C600,0.11722889454014661,native_joint_vjp_minus_main_vjp,0.050333861261606216,8,,,,7,,0.23160773035379845,2.3283064365386963e-10,0.1837839940435681,0.16704064962409793,67,,,"{""action_meta"":144,""compiler"":25,""factor_heads"":16,""procedure"":42,""semantic_core"":30,""text_meta"":144,""vl_meta"":144}",,,,draw,34,B36_component
,C600,0.32113257174956045,native_joint_vjp_minus_main_vjp,0.1166655570268631,8,,,,13,,0.41300023628314286,2.3283064365386963e-10,0.23537450152690959,0.10657897130364462,67,,,"{""action_meta"":144,""compiler"":25,""factor_heads"":16,""procedure"":42,""semantic_core"":30,""text_meta"":144,""vl_meta"":144}",,,,draw,1,B36_component
,C600,0.08740265792435496,native_joint_vjp_minus_main_vjp,0.07663068175315857,8,,,,97,,0.12205745839463165,2.3283064365386963e-10,0.08385849841697515,0.07860718525591351,67,,,"{""action_meta"":144,""compiler"":25,""factor_heads"":16,""procedure"":42,""semantic_core"":30,""text_meta"":144,""vl_meta"":144}",,,,draw,10,B36_component
,C600,0.1951570284773406,native_joint_vjp_minus_main_vjp,0.0659792497754097,9,,,,2,,0.35042018056209034,2.3283064365386963e-10,0.21285516807438573,0.07750547393446877,67,,,"{""action_meta"":144,""compiler"":25,""factor_heads"":16,""procedure"":42,""semantic_core"":30,""text_meta"":144,""vl_meta"":144}",,,,draw,29,B36_component
,C600,0.14781856482894204,native_joint_vjp_minus_main_vjp,0.09496409446001053,9,,,,5,,0.27602706763286017,2.3283064365386963e-10,0.230853068603739,0.13376324339991522,67,,,"{""action_meta"":144,""compiler"":25,""factor_heads"":16,""procedure"":42,""semantic_core"":30,""text_meta"":144,""vl_meta"":144}",,,,draw,11,B36_component
,C600,0.07507844657080856,native_joint_vjp_minus_main_vjp,0.042340315878391266,9,,,,42,,0.2341969375400967,2.3283064365386963e-10,0.21607684689172474,0.08063367505868275,67,,,"{""action_meta"":144,""compiler"":25,""factor_heads"":16,""procedure"":42,""semantic_core"":30,""text_meta"":144,""vl_meta"":144}",,,,draw,11,B36_component
,C600,0.071029476246306,native_joint_vjp_minus_main_vjp,0.04164116457104683,9,,,,55,,0.13228993247424822,2.3283064365386963e-10,0.1023845941079648,0.10207867444980712,67,,,"{""action_meta"":144,""compiler"":25,""factor_heads"":16,""procedure"":42,""semantic_core"":30,""text_meta"":144,""vl_meta"":144}",,,,draw,21,B36_component
3.663458079653102e-05,C600,0.14947406559643822,native_joint_vjp_minus_main_vjp,0.0474138637073338,,,,,,text_meta,9.486120464770128e-05,2.3283064365386963e-10,0.18057137062603937,0.09485430217214993,,,144,"{""action_meta"":144,""compiler"":25,""factor_heads"":16,""procedure"":42,""semantic_core"":30,""text_meta"":144,""vl_meta"":144}",0.48101528855551606,1.2623676000905065e-09,7.16367266170011e-05,group,,B4
0.0011746361358198796,C600,0.14947406559643822,native_joint_vjp_minus_main_vjp,0.0474138637073338,,,,,,vl_meta,0.00247624083746071,2.3283064365386963e-10,0.18057137062603937,0.09485430217214993,,,144,"{""action_meta"":144,""compiler"":25,""factor_heads"":16,""procedure"":42,""semantic_core"":30,""text_meta"":144,""vl_meta"":144}",0.36954647938763463,7.764107944775028e-07,0.0017886243485297861,group,,B4
7.584587461280173e-05,C600,0.14947406559643822,native_joint_vjp_minus_main_vjp,0.0474138637073338,,,,,,action_meta,0.00011751659472371959,2.3283064365386963e-10,0.18057137062603937,0.09485430217214993,,,144,"{""action_meta"":144,""compiler"":25,""factor_heads"":16,""procedure"":42,""semantic_core"":30,""text_meta"":144,""vl_meta"":144}",-0.20385443246987858,-1.6473823020962581e-09,0.00010654725696813364,group,,B4
0.0039240816724147995,C600,0.14947406559643822,native_joint_vjp_minus_main_vjp,0.0474138637073338,,,,,,semantic_core,0.009130583697146805,2.3283064365386963e-10,0.18057137062603937,0.09485430217214993,,,30,"{""action_meta"":144,""compiler"":25,""factor_heads"":16,""procedure"":42,""semantic_core"":30,""text_meta"":144,""vl_meta"":144}",0.30037972797319806,8.42717375566398e-06,0.007149460828540162,group,,B4
0.0007685837727288151,C600,0.14947406559643822,native_joint_vjp_minus_main_vjp,0.0474138637073338,,,,,,procedure,0.0014773988032243843,2.3283064365386963e-10,0.18057137062603937,0.09485430217214993,,,42,"{""action_meta"":144,""compiler"":25,""factor_heads"":16,""procedure"":42,""semantic_core"":30,""text_meta"":144,""vl_meta"":144}",0.3008899026925733,2.431685865623738e-07,0.0010514984714143146,group,,B4
0.014544651319795304,C600,0.14947406559643822,native_joint_vjp_minus_main_vjp,0.0474138637073338,,,,,,compiler,0.024869981540259323,2.3283064365386963e-10,0.18057137062603937,0.09485430217214993,,,25,"{""action_meta"":144,""compiler"":25,""factor_heads"":16,""procedure"":42,""semantic_core"":30,""text_meta"":144,""vl_meta"":144}",0.12141815255169729,3.264359173973594e-05,0.018484640254017436,group,,B4
0.09476726532684261,C600,0.14947406559643822,native_joint_vjp_minus_main_vjp,0.0474138637073338,,,,,,factor_heads,0.14234403717912936,2.3283064365386963e-10,0.18057137062603937,0.09485430217214993,,,16,"{""action_meta"":144,""compiler"":25,""factor_heads"":16,""procedure"":42,""semantic_core"":30,""text_meta"":144,""vl_meta"":144}",0.11195413734263755,0.0010199102399752746,0.09613099905501483,group,,B4
1.695010215061222e-05,C600,0.15422463793604313,native_joint_vjp_minus_main_vjp,0.05822220605073704,,,,,,text_meta,3.109003096900808e-05,2.3283064365386963e-10,0.18918003634539882,0.10242430893852122,,,144,"{""action_meta"":144,""compiler"":25,""factor_heads"":16,""procedure"":42,""semantic_core"":30,""text_meta"":144,""vl_meta"":144}",-0.2168256703768811,-1.1024235126064243e-10,2.9996145372846877e-05,group,,B36
0.0006189156548267648,C600,0.15422463793604313,native_joint_vjp_minus_main_vjp,0.05822220605073704,,,,,,vl_meta,0.0010003944546585779,2.3283064365386963e-10,0.18918003634539882,0.10242430893852122,,,144,"{""action_meta"":144,""compiler"":25,""factor_heads"":16,""procedure"":42,""semantic_core"":30,""text_meta"":144,""vl_meta"":144}",-0.1316284939935089,-7.100962596357993e-08,0.0008716373763272249,group,,B36
4.4429922457700595e-05,C600,0.15422463793604313,native_joint_vjp_minus_main_vjp,0.05822220605073704,,,,,,action_meta,6.409761799247906e-05,2.3283064365386963e-10,0.18918003634539882,0.10242430893852122,,,144,"{""action_meta"":144,""compiler"":25,""factor_heads"":16,""procedure"":42,""semantic_core"":30,""text_meta"":144,""vl_meta"":144}",-0.22188575133077051,-5.629025156062189e-10,5.7098962865343055e-05,group,,B36
0.0015041777335778619,C600,0.15422463793604313,native_joint_vjp_minus_main_vjp,0.05822220605073704,,,,,,semantic_core,0.0028810839681436004,2.3283064365386963e-10,0.18918003634539882,0.10242430893852122,,,30,"{""action_meta"":144,""compiler"":25,""factor_heads"":16,""procedure"":42,""semantic_core"":30,""text_meta"":144,""vl_meta"":144}",0.13489191759072883,4.5910803594970293e-07,0.0022627147630847615,group,,B36
0.0002676600401629096,C600,0.15422463793604313,native_joint_vjp_minus_main_vjp,0.05822220605073704,,,,,,procedure,0.0006174813792142684,2.3283064365386963e-10,0.18918003634539882,0.10242430893852122,,,42,"{""action_meta"":144,""compiler"":25,""factor_heads"":16,""procedure"":42,""semantic_core"":30,""text_meta"":144,""vl_meta"":144}",-0.04396103990591481,-6.6874993690464806e-09,0.0005683452806112027,group,,B36
0.004523526551645433,C600,0.15422463793604313,native_joint_vjp_minus_main_vjp,0.05822220605073704,,,,,,compiler,0.009622046079011086,2.3283064365386963e-10,0.18918003634539882,0.10242430893852122,,,25,"{""action_meta"":144,""compiler"":25,""factor_heads"":16,""procedure"":42,""semantic_core"":30,""text_meta"":144,""vl_meta"":144}",0.18797364271123387,6.534239991868272e-06,0.007684594929417847,group,,B36
0.03062987874252729,C600,0.15422463793604313,native_joint_vjp_minus_main_vjp,0.05822220605073704,,,,,,factor_heads,0.05637345896806115,2.3283064365386963e-10,0.18918003634539882,0.10242430893852122,,,16,"{""action_meta"":144,""compiler"":25,""factor_heads"":16,""procedure"":42,""semantic_core"":30,""text_meta"":144,""vl_meta"":144}",0.19272477449393022,0.00024669139859412326,0.041789885716598384,group,,B36
,C600,,native_joint_vjp_minus_main_vjp,,1,joint,1.0000001493065207,0.020972048876887046,,,,2.3283064365386963e-10,,,,1,,"{""action_meta"":144,""compiler"":25,""factor_heads"":16,""procedure"":42,""semantic_core"":30,""text_meta"":144,""vl_meta"":144}",,,,batch_gram,,B36
,C600,,native_joint_vjp_minus_main_vjp,,2,joint,0.0031809362105215838,8.988880587502978e-05,,,,2.3283064365386963e-10,,,,1,,"{""action_meta"":144,""compiler"":25,""factor_heads"":16,""procedure"":42,""semantic_core"":30,""text_meta"":144,""vl_meta"":144}",,,,batch_gram,,B36
,C600,,native_joint_vjp_minus_main_vjp,,2,joint,1.000000156676941,0.03807681148985573,,,,2.3283064365386963e-10,,,,2,,"{""action_meta"":144,""compiler"":25,""factor_heads"":16,""procedure"":42,""semantic_core"":30,""text_meta"":144,""vl_meta"":144}",,,,batch_gram,,B36
,C600,,native_joint_vjp_minus_main_vjp,,3,joint,0.2150837924090712,0.004051796851144251,,,,2.3283064365386963e-10,,,,1,,"{""action_meta"":144,""compiler"":25,""factor_heads"":16,""procedure"":42,""semantic_core"":30,""text_meta"":144,""vl_meta"":144}",,,,batch_gram,,B36
,C600,,native_joint_vjp_minus_main_vjp,,3,joint,0.17003008992640284,0.004315942165283953,,,,2.3283064365386963e-10,,,,2,,"{""action_meta"":144,""compiler"":25,""factor_heads"":16,""procedure"":42,""semantic_core"":30,""text_meta"":144,""vl_meta"":144}",,,,batch_gram,,B36
,C600,,native_joint_vjp_minus_main_vjp,,3,joint,1.0000002224886504,0.01692151543955087,,,,2.3283064365386963e-10,,,,3,,"{""action_meta"":144,""compiler"":25,""factor_heads"":16,""procedure"":42,""semantic_core"":30,""text_meta"":144,""vl_meta"":144}",,,,batch_gram,,B36
,C600,,native_joint_vjp_minus_main_vjp,,4,joint,0.008512255283901945,0.0002519295652313586,,,,2.3283064365386963e-10,,,,1,,"{""action_meta"":144,""compiler"":25,""factor_heads"":16,""procedure"":42,""semantic_core"":30,""text_meta"":144,""vl_meta"":144}",,,,batch_gram,,B36
,C600,,native_joint_vjp_minus_main_vjp,,4,joint,0.0005976115284507635,2.383215523288611e-05,,,,2.3283064365386963e-10,,,,2,,"{""action_meta"":144,""compiler"":25,""factor_heads"":16,""procedure"":42,""semantic_core"":30,""text_meta"":144,""vl_meta"":144}",,,,batch_gram,,B36
,C600,,native_joint_vjp_minus_main_vjp,,4,joint,0.047971982110506454,0.001275326374684586,,,,2.3283064365386963e-10,,,,3,,"{""action_meta"":144,""compiler"":25,""factor_heads"":16,""procedure"":42,""semantic_core"":30,""text_meta"":144,""vl_meta"":144}",,,,batch_gram,,B36
,C600,,native_joint_vjp_minus_main_vjp,,4,joint,1.000000160070161,0.04176651777812021,,,,2.3283064365386963e-10,,,,4,,"{""action_meta"":144,""compiler"":25,""factor_heads"":16,""procedure"":42,""semantic_core"":30,""text_meta"":144,""vl_meta"":144}",,,,batch_gram,,B36
,C600,,native_joint_vjp_minus_main_vjp,,5,joint,0.12126795061144328,0.002255282482416001,,,,2.3283064365386963e-10,,,,1,,"{""action_meta"":144,""compiler"":25,""factor_heads"":16,""procedure"":42,""semantic_core"":30,""text_meta"":144,""vl_meta"":144}",,,,batch_gram,,B36
,C600,,native_joint_vjp_minus_main_vjp,,5,joint,-0.0316721677382807,-0.000793674728243075,,,,2.3283064365386963e-10,,,,2,,"{""action_meta"":144,""compiler"":25,""factor_heads"":16,""procedure"":42,""semantic_core"":30,""text_meta"":144,""vl_meta"":144}",,,,batch_gram,,B36
,C600,,native_joint_vjp_minus_main_vjp,,5,joint,0.0983062780335103,0.001642235147652058,,,,2.3283064365386963e-10,,,,3,,"{""action_meta"":144,""compiler"":25,""factor_heads"":16,""procedure"":42,""semantic_core"":30,""text_meta"":144,""vl_meta"":144}",,,,batch_gram,,B36
,C600,,native_joint_vjp_minus_main_vjp,,5,joint,0.04892337866967768,0.001284000082055107,,,,2.3283064365386963e-10,,,,4,,"{""action_meta"":144,""compiler"":25,""factor_heads"":16,""procedure"":42,""semantic_core"":30,""text_meta"":144,""vl_meta"":144}",,,,batch_gram,,B36
,C600,,native_joint_vjp_minus_main_vjp,,5,joint,1.0000001542142942,0.016491839039218366,,,,2.3283064365386963e-10,,,,5,,"{""action_meta"":144,""compiler"":25,""factor_heads"":16,""procedure"":42,""semantic_core"":30,""text_meta"":144,""vl_meta"":144}",,,,batch_gram,,B36
,C600,,native_joint_vjp_minus_main_vjp,,6,joint,-0.04020523447838305,-0.0008978222229692037,,,,2.3283064365386963e-10,,,,1,,"{""action_meta"":144,""compiler"":25,""factor_heads"":16,""procedure"":42,""semantic_core"":30,""text_meta"":144,""vl_meta"":144}",,,,batch_gram,,B36
,C600,,native_joint_vjp_minus_main_vjp,,6,joint,0.032939647637246945,0.000991143541755964,,,,2.3283064365386963e-10,,,,2,,"{""action_meta"":144,""compiler"":25,""factor_heads"":16,""procedure"":42,""semantic_core"":30,""text_meta"":144,""vl_meta"":144}",,,,batch_gram,,B36
,C600,,native_joint_vjp_minus_main_vjp,,6,joint,0.1395160593578849,0.002798537517430197,,,,2.3283064365386963e-10,,,,3,,"{""action_meta"":144,""compiler"":25,""factor_heads"":16,""procedure"":42,""semantic_core"":30,""text_meta"":144,""vl_meta"":144}",,,,batch_gram,,B36
,C600,,native_joint_vjp_minus_main_vjp,,6,joint,-0.010700931517322262,-0.0003372275423163022,,,,2.3283064365386963e-10,,,,4,,"{""action_meta"":144,""compiler"":25,""factor_heads"":16,""procedure"":42,""semantic_core"":30,""text_meta"":144,""vl_meta"":144}",,,,batch_gram,,B36
,C600,,native_joint_vjp_minus_main_vjp,,6,joint,0.05949216006376973,0.001178098495570541,,,,2.3283064365386963e-10,,,,5,,"{""action_meta"":144,""compiler"":25,""factor_heads"":16,""procedure"":42,""semantic_core"":30,""text_meta"":144,""vl_meta"":144}",,,,batch_gram,,B36
,C600,,native_joint_vjp_minus_main_vjp,,6,joint,1.0000002502373933,0.02377797223176378,,,,2.3283064365386963e-10,,,,6,,"{""action_meta"":144,""compiler"":25,""factor_heads"":16,""procedure"":42,""semantic_core"":30,""text_meta"":144,""vl_meta"":144}",,,,batch_gram,,B36
,C600,,native_joint_vjp_minus_main_vjp,,7,joint,0.046607031656339816,0.0007426023850864598,,,,2.3283064365386963e-10,,,,1,,"{""action_meta"":144,""compiler"":25,""factor_heads"":16,""procedure"":42,""semantic_core"":30,""text_meta"":144,""vl_meta"":144}",,,,batch_gram,,B36
,C600,,native_joint_vjp_minus_main_vjp,,7,joint,-0.061409549146993446,-0.0013184105186226482,,,,2.3283064365386963e-10,,,,2,,"{""action_meta"":144,""compiler"":25,""factor_heads"":16,""procedure"":42,""semantic_core"":30,""text_meta"":144,""vl_meta"":144}",,,,batch_gram,,B36
,C600,,native_joint_vjp_minus_main_vjp,,7,joint,-0.06031489577650501,-0.0008632342397744335,,,,2.3283064365386963e-10,,,,3,,"{""action_meta"":144,""compiler"":25,""factor_heads"":16,""procedure"":42,""semantic_core"":30,""text_meta"":144,""vl_meta"":144}",,,,batch_gram,,B36
,C600,,native_joint_vjp_minus_main_vjp,,7,joint,-0.12860258949936762,-0.0028916672091890494,,,,2.3283064365386963e-10,,,,4,,"{""action_meta"":144,""compiler"":25,""factor_heads"":16,""procedure"":42,""semantic_core"":30,""text_meta"":144,""vl_meta"":144}",,,,batch_gram,,B36
,C600,,native_joint_vjp_minus_main_vjp,,7,joint,0.08358265632313974,0.0011809599699026973,,,,2.3283064365386963e-10,,,,5,,"{""action_meta"":144,""compiler"":25,""factor_heads"":16,""procedure"":42,""semantic_core"":30,""text_meta"":144,""vl_meta"":144}",,,,batch_gram,,B36
,C600,,native_joint_vjp_minus_main_vjp,,7,joint,-0.055940644754405,-0.0009490723445559952,,,,2.3283064365386963e-10,,,,6,,"{""action_meta"":144,""compiler"":25,""factor_heads"":16,""procedure"":42,""semantic_core"":30,""text_meta"":144,""vl_meta"":144}",,,,batch_gram,,B36
,C600,,native_joint_vjp_minus_main_vjp,,7,joint,1.0000001622585168,0.012105119061161868,,,,2.3283064365386963e-10,,,,7,,"{""action_meta"":144,""compiler"":25,""factor_heads"":16,""procedure"":42,""semantic_core"":30,""text_meta"":144,""vl_meta"":144}",,,,batch_gram,,B36
,C600,,native_joint_vjp_minus_main_vjp,,8,joint,-0.009811344409570544,-0.00020344163069591155,,,,2.3283064365386963e-10,,,,1,,"{""action_meta"":144,""compiler"":25,""factor_heads"":16,""procedure"":42,""semantic_core"":30,""text_meta"":144,""vl_meta"":144}",,,,batch_gram,,B36
,C600,,native_joint_vjp_minus_main_vjp,,8,joint,0.140143889995103,0.00391557304403235,,,,2.3283064365386963e-10,,,,2,,"{""action_meta"":144,""compiler"":25,""factor_heads"":16,""procedure"":42,""semantic_core"":30,""text_meta"":144,""vl_meta"":144}",,,,batch_gram,,B36
,C600,,native_joint_vjp_minus_main_vjp,,8,joint,0.05285006431219699,0.0009843646476015186,,,,2.3283064365386963e-10,,,,3,,"{""action_meta"":144,""compiler"":25,""factor_heads"":16,""procedure"":42,""semantic_core"":30,""text_meta"":144,""vl_meta"":144}",,,,batch_gram,,B36
,C600,,native_joint_vjp_minus_main_vjp,,8,joint,-0.01681675673673865,-0.0004920930713529428,,,,2.3283064365386963e-10,,,,4,,"{""action_meta"":144,""compiler"":25,""factor_heads"":16,""procedure"":42,""semantic_core"":30,""text_meta"":144,""vl_meta"":144}",,,,batch_gram,,B36
,C600,,native_joint_vjp_minus_main_vjp,,8,joint,0.1860759264298956,0.00342149263239772,,,,2.3283064365386963e-10,,,,5,,"{""action_meta"":144,""compiler"":25,""factor_heads"":16,""procedure"":42,""semantic_core"":30,""text_meta"":144,""vl_meta"":144}",,,,batch_gram,,B36
,C600,,native_joint_vjp_minus_main_vjp,,8,joint,0.0790619056696874,0.00174560324506253,,,,2.3283064365386963e-10,,,,6,,"{""action_meta"":144,""compiler"":25,""factor_heads"":16,""procedure"":42,""semantic_core"":30,""text_meta"":144,""vl_meta"":144}",,,,batch_gram,,B36
,C600,,native_joint_vjp_minus_main_vjp,,8,joint,-0.0076359533207417465,-0.000120292533380639,,,,2.3283064365386963e-10,,,,7,,"{""action_meta"":144,""compiler"":25,""factor_heads"":16,""procedure"":42,""semantic_core"":30,""text_meta"":144,""vl_meta"":144}",,,,batch_gram,,B36
,C600,,native_joint_vjp_minus_main_vjp,,8,joint,1.0000002659640148,0.020501325147126277,,,,2.3283064365386963e-10,,,,8,,"{""action_meta"":144,""compiler"":25,""factor_heads"":16,""procedure"":42,""semantic_core"":30,""text_meta"":144,""vl_meta"":144}",,,,batch_gram,,B36
,C600,,native_joint_vjp_minus_main_vjp,,9,joint,-0.05321841105214187,-0.001024905482919075,,,,2.3283064365386963e-10,,,,1,,"{""action_meta"":144,""compiler"":25,""factor_heads"":16,""procedure"":42,""semantic_core"":30,""text_meta"":144,""vl_meta"":144}",,,,batch_gram,,B36
,C600,,native_joint_vjp_minus_main_vjp,,9,joint,0.11595172714790172,0.0030089085584004854,,,,2.3283064365386963e-10,,,,2,,"{""action_meta"":144,""compiler"":25,""factor_heads"":16,""procedure"":42,""semantic_core"":30,""text_meta"":144,""vl_meta"":144}",,,,batch_gram,,B36
,C600,,native_joint_vjp_minus_main_vjp,,9,joint,0.056314784039485685,0.0009741896620812075,,,,2.3283064365386963e-10,,,,3,,"{""action_meta"":144,""compiler"":25,""factor_heads"":16,""procedure"":42,""semantic_core"":30,""text_meta"":144,""vl_meta"":144}",,,,batch_gram,,B36
,C600,,native_joint_vjp_minus_main_vjp,,9,joint,0.002324383440821451,6.317181964239577e-05,,,,2.3283064365386963e-10,,,,4,,"{""action_meta"":144,""compiler"":25,""factor_heads"":16,""procedure"":42,""semantic_core"":30,""text_meta"":144,""vl_meta"":144}",,,,batch_gram,,B36
,C600,,native_joint_vjp_minus_main_vjp,,9,joint,-0.021192130235492917,-0.0003619183798721771,,,,2.3283064365386963e-10,,,,5,,"{""action_meta"":144,""compiler"":25,""factor_heads"":16,""procedure"":42,""semantic_core"":30,""text_meta"":144,""vl_meta"":144}",,,,batch_gram,,B36
,C600,,native_joint_vjp_minus_main_vjp,,9,joint,0.04852055149797,0.0009949805624753475,,,,2.3283064365386963e-10,,,,6,,"{""action_meta"":144,""compiler"":25,""factor_heads"":16,""procedure"":42,""semantic_core"":30,""text_meta"":144,""vl_meta"":144}",,,,batch_gram,,B36
,C600,,native_joint_vjp_minus_main_vjp,,9,joint,-0.020458388505332863,-0.00029933495427474826,,,,2.3283064365386963e-10,,,,7,,"{""action_meta"":144,""compiler"":25,""factor_heads"":16,""procedure"":42,""semantic_core"":30,""text_meta"":144,""vl_meta"":144}",,,,batch_gram,,B36
,C600,,native_joint_vjp_minus_main_vjp,,9,joint,0.10839020918462723,0.0020638706645551078,,,,2.3283064365386963e-10,,,,8,,"{""action_meta"":144,""compiler"":25,""factor_heads"":16,""procedure"":42,""semantic_core"":30,""text_meta"":144,""vl_meta"":144}",,,,batch_gram,,B36
,C600,,native_joint_vjp_minus_main_vjp,,9,joint,1.000000174794726,0.017684920231153152,,,,2.3283064365386963e-10,,,,9,,"{""action_meta"":144,""compiler"":25,""factor_heads"":16,""procedure"":42,""semantic_core"":30,""text_meta"":144,""vl_meta"":144}",,,,batch_gram,,B36
,O1200,0.06648862531845498,native_joint_vjp_minus_main_vjp,0.03459716960787773,1,,,,34,,0.19010811659031393,4.656612873077393e-10,0.1706949639707784,0.09462517251571019,67,,,"{""action_meta"":144,""compiler"":25,""factor_heads"":16,""procedure"":42,""semantic_core"":30,""text_meta"":144,""vl_meta"":144}",,,,draw,26,B4
,O1200,0.2743343812198068,native_joint_vjp_minus_main_vjp,0.10075637698173523,1,,,,12,,0.38300285477250917,4.656612873077393e-10,0.16929472758891834,0.06402405883584703,67,,,"{""action_meta"":144,""compiler"":25,""factor_heads"":16,""procedure"":42,""semantic_core"":30,""text_meta"":144,""vl_meta"":144}",,,,draw,15,B4
,O1200,0.09810710180916754,native_joint_vjp_minus_main_vjp,0.05215476453304291,1,,,,38,,0.21093402213556078,4.656612873077393e-10,0.18580552956400997,0.1082710020598911,67,,,"{""action_meta"":144,""compiler"":25,""factor_heads"":16,""procedure"":42,""semantic_core"":30,""text_meta"":144,""vl_meta"":144}",,,,draw,20,B4
,O1200,0.12077619695361155,native_joint_vjp_minus_main_vjp,0.022016124799847603,1,,,,64,,0.29290281198234114,4.656612873077393e-10,0.22916846499009716,0.10592001250811986,67,,,"{""action_meta"":144,""compiler"":25,""factor_heads"":16,""procedure"":42,""semantic_core"":30,""text_meta"":144,""vl_meta"":144}",,,,draw,43,B4
,O1200,0.1747486528477345,native_joint_vjp_minus_main_vjp,0.08716688305139542,2,,,,101,,0.33092892147025604,4.656612873077393e-10,0.23581499927425126,0.0698770529457501,67,,,"{""action_meta"":144,""compiler"":25,""factor_heads"":16,""procedure"":42,""semantic_core"":30,""text_meta"":144,""vl_meta"":144}",,,,draw,34,B36_component
,O1200,0.16406718915322938,native_joint_vjp_minus_main_vjp,0.039584726095199585,2,,,,20,,0.283902997112477,4.656612873077393e-10,0.274874327495507,0.1025126420316242,67,,,"{""action_meta"":144,""compiler"":25,""factor_heads"":16,""procedure"":42,""semantic_core"":30,""text_meta"":144,""vl_meta"":144}",,,,draw,4,B36_component
,O1200,0.17415975726646177,native_joint_vjp_minus_main_vjp,0.04813840240240097,2,,,,19,,0.24117216565900454,4.656612873077393e-10,0.15246898008825574,0.09462220789421172,67,,,"{""action_meta"":144,""compiler"":25,""factor_heads"":16,""procedure"":42,""semantic_core"":30,""text_meta"":144,""vl_meta"":144}",,,,draw,34,B36_component
,O1200,0.3533675462711702,native_joint_vjp_minus_main_vjp,0.18804755806922913,2,,,,32,,0.7408763334211899,4.656612873077393e-10,0.5481575739780826,0.1367553834404264,67,,,"{""action_meta"":144,""compiler"":25,""factor_heads"":16,""procedure"":42,""semantic_core"":30,""text_meta"":144,""vl_meta"":144}",,,,draw,21,B36_component
,O1200,0.35781504199354425,native_joint_vjp_minus_main_vjp,0.0934484452009201,3,,,,96,,0.8784616167851861,4.656612873077393e-10,0.729095379969733,0.12454101585206531,67,,,"{""action_meta"":144,""compiler"":25,""factor_heads"":16,""procedure"":42,""semantic_core"":30,""text_meta"":144,""vl_meta"":144}",,,,draw,36,B36_component
,O1200,0.09821673122210635,native_joint_vjp_minus_main_vjp,0.07457242906093597,3,,,,37,,0.17724012496683858,4.656612873077393e-10,0.15041704900736785,0.10165434508096603,67,,,"{""action_meta"":144,""compiler"":25,""factor_heads"":16,""procedure"":42,""semantic_core"":30,""text_meta"":144,""vl_meta"":144}",,,,draw,39,B36_component
,O1200,0.11110199203894829,native_joint_vjp_minus_main_vjp,0.03025273233652115,3,,,,14,,0.153548507163155,4.656612873077393e-10,0.1303870971129273,0.06835852510162761,67,,,"{""action_meta"":144,""compiler"":25,""factor_heads"":16,""procedure"":42,""semantic_core"":30,""text_meta"":144,""vl_meta"":144}",,,,draw,44,B36_component
,O1200,0.17233300944775695,native_joint_vjp_minus_main_vjp,0.07131552696228027,3,,,,17,,0.3447546369926851,4.656612873077393e-10,0.2616792327237226,0.0932188012770244,67,,,"{""action_meta"":144,""compiler"":25,""factor_heads"":16,""procedure"":42,""semantic_core"":30,""text_meta"":144,""vl_meta"":144}",,,,draw,24,B36_component
,O1200,0.3345093892890703,native_joint_vjp_minus_main_vjp,0.10464785248041153,4,,,,62,,0.5353987084329245,4.656612873077393e-10,0.3001715107659675,0.11106212046884355,67,,,"{""action_meta"":144,""compiler"":25,""factor_heads"":16,""procedure"":42,""semantic_core"":30,""text_meta"":144,""vl_meta"":144}",,,,draw,13,B36_component
,O1200,0.3032230632138892,native_joint_vjp_minus_main_vjp,0.11851488798856735,4,,,,22,,0.3949909129101458,4.656612873077393e-10,0.2104427117199632,0.11271886811369941,67,,,"{""action_meta"":144,""compiler"":25,""factor_heads"":16,""procedure"":42,""semantic_core"":30,""text_meta"":144,""vl_meta"":144}",,,,draw,24,B36_component
,O1200,0.1440321630056035,native_joint_vjp_minus_main_vjp,0.03729567304253578,4,,,,43,,0.3830508178871875,4.656612873077393e-10,0.31511815798598886,0.09913429529184385,67,,,"{""action_meta"":144,""compiler"":25,""factor_heads"":16,""procedure"":42,""semantic_core"":30,""text_meta"":144,""vl_meta"":144}",,,,draw,12,B36_component
,O1200,0.2975779152924613,native_joint_vjp_minus_main_vjp,0.08293890953063965,4,,,,0,,0.5205729677798105,4.656612873077393e-10,0.39416554583753094,0.16098378314858391,67,,,"{""action_meta"":144,""compiler"":25,""factor_heads"":16,""procedure"":42,""semantic_core"":30,""text_meta"":144,""vl_meta"":144}",,,,draw,16,B36_component
,O1200,0.07114022236239961,native_joint_vjp_minus_main_vjp,0.013538302853703499,5,,,,36,,0.2297418518196715,4.656612873077393e-10,0.2196603199209821,0.10230910990919385,67,,,"{""action_meta"":144,""compiler"":25,""factor_heads"":16,""procedure"":42,""semantic_core"":30,""text_meta"":144,""vl_meta"":144}",,,,draw,31,B36_component
,O1200,0.18191430698518535,native_joint_vjp_minus_main_vjp,0.07936002314090729,5,,,,35,,0.21770560639918105,4.656612873077393e-10,0.13283191743411402,0.060923986935189786,67,,,"{""action_meta"":144,""compiler"":25,""factor_heads"":16,""procedure"":42,""semantic_core"":30,""text_meta"":144,""vl_meta"":144}",,,,draw,39,B36_component
,O1200,0.18723640970650723,native_joint_vjp_minus_main_vjp,0.10332279652357101,5,,,,4,,0.358488095107365,4.656612873077393e-10,0.26337302898621,0.09931889921426773,67,,,"{""action_meta"":144,""compiler"":25,""factor_heads"":16,""procedure"":42,""semantic_core"":30,""text_meta"":144,""vl_meta"":144}",,,,draw,45,B36_component
,O1200,0.1286239575801081,native_joint_vjp_minus_main_vjp,0.03187254071235657,5,,,,95,,0.4027516926526951,4.656612873077393e-10,0.3584968823986636,0.11439414535249982,67,,,"{""action_meta"":144,""compiler"":25,""factor_heads"":16,""procedure"":42,""semantic_core"":30,""text_meta"":144,""vl_meta"":144}",,,,draw,8,B36_component
,O1200,0.20449177505216018,native_joint_vjp_minus_main_vjp,0.06534285098314285,6,,,,29,,0.3263922892617969,4.656612873077393e-10,0.23543373815290594,0.15076600724742525,67,,,"{""action_meta"":144,""compiler"":25,""factor_heads"":16,""procedure"":42,""semantic_core"":30,""text_meta"":144,""vl_meta"":144}",,,,draw,11,B36_component
,O1200,0.1942150856190629,native_joint_vjp_minus_main_vjp,0.03375282883644104,6,,,,51,,0.504764818202715,4.656612873077393e-10,0.3881966771560752,0.0999622887798718,67,,,"{""action_meta"":144,""compiler"":25,""factor_heads"":16,""procedure"":42,""semantic_core"":30,""text_meta"":144,""vl_meta"":144}",,,,draw,12,B36_component
,O1200,0.12531155723965173,native_joint_vjp_minus_main_vjp,0.02422085963189602,6,,,,15,,0.22739507549022547,4.656612873077393e-10,0.1786647772148464,0.07641033863737469,67,,,"{""action_meta"":144,""compiler"":25,""factor_heads"":16,""procedure"":42,""semantic_core"":30,""text_meta"":144,""vl_meta"":144}",,,,draw,33,B36_component
,O1200,0.16417810262331328,native_joint_vjp_minus_main_vjp,0.0379367433488369,6,,,,25,,0.36273499338048076,4.656612873077393e-10,0.3080106800848851,0.1175694323721386,67,,,"{""action_meta"":144,""compiler"":25,""factor_heads"":16,""procedure"":42,""semantic_core"":30,""text_meta"":144,""vl_meta"":144}",,,,draw,10,B36_component
,O1200,0.2678207173431044,native_joint_vjp_minus_main_vjp,0.06806553155183792,7,,,,73,,0.4138079075855519,4.656612873077393e-10,0.2849221618193323,0.1094209530523845,67,,,"{""action_meta"":144,""compiler"":25,""factor_heads"":16,""procedure"":42,""semantic_core"":30,""text_meta"":144,""vl_meta"":144}",,,,draw,20,B36_component
,O1200,0.07399512505829083,native_joint_vjp_minus_main_vjp,0.02060115896165371,7,,,,28,,0.21743333168408532,4.656612873077393e-10,0.19241542029891684,0.13029511272907257,67,,,"{""action_meta"":144,""compiler"":25,""factor_heads"":16,""procedure"":42,""semantic_core"":30,""text_meta"":144,""vl_meta"":144}",,,,draw,2,B36_component
,O1200,0.07573209652819612,native_joint_vjp_minus_main_vjp,0.015601388178765774,7,,,,21,,0.280846851819283,4.656612873077393e-10,0.2487040844018506,0.06914570785704112,67,,,"{""action_meta"":144,""compiler"":25,""factor_heads"":16,""procedure"":42,""semantic_core"":30,""text_meta"":144,""vl_meta"":144}",,,,draw,20,B36_component
,O1200,0.12739313961260992,native_joint_vjp_minus_main_vjp,0.04388352856040001,7,,,,56,,0.3019565630425128,4.656612873077393e-10,0.22667024308643124,0.0917906764717329,67,,,"{""action_meta"":144,""compiler"":25,""factor_heads"":16,""procedure"":42,""semantic_core"":30,""text_meta"":144,""vl_meta"":144}",,,,draw,10,B36_component
,O1200,0.21938470424730955,native_joint_vjp_minus_main_vjp,0.09507819265127182,8,,,,1,,0.5112106731489471,4.656612873077393e-10,0.3761126004580429,0.1349402130359695,67,,,"{""action_meta"":144,""compiler"":25,""factor_heads"":16,""procedure"":42,""semantic_core"":30,""text_meta"":144,""vl_meta"":144}",,,,draw,26,B36_component
,O1200,0.0895841628520613,native_joint_vjp_minus_main_vjp,0.03423134237527847,8,,,,7,,0.24434995951164026,4.656612873077393e-10,0.2281347081723416,0.15696920596417924,67,,,"{""action_meta"":144,""compiler"":25,""factor_heads"":16,""procedure"":42,""semantic_core"":30,""text_meta"":144,""vl_meta"":144}",,,,draw,34,B36_component
,O1200,0.18134573966878434,native_joint_vjp_minus_main_vjp,0.0850849524140358,8,,,,13,,0.3966851759643077,4.656612873077393e-10,0.3224760015782089,0.10849393442982719,67,,,"{""action_meta"":144,""compiler"":25,""factor_heads"":16,""procedure"":42,""semantic_core"":30,""text_meta"":144,""vl_meta"":144}",,,,draw,1,B36_component
,O1200,0.1528009399624669,native_joint_vjp_minus_main_vjp,0.07646486908197403,8,,,,97,,0.2363022635027627,4.656612873077393e-10,0.15786999920004385,0.08726502884001958,67,,,"{""action_meta"":144,""compiler"":25,""factor_heads"":16,""procedure"":42,""semantic_core"":30,""text_meta"":144,""vl_meta"":144}",,,,draw,10,B36_component
,O1200,0.19533755903515254,native_joint_vjp_minus_main_vjp,0.04556268826127052,9,,,,2,,0.24526372353120673,4.656612873077393e-10,0.11389460850218097,0.0652146428113892,67,,,"{""action_meta"":144,""compiler"":25,""factor_heads"":16,""procedure"":42,""semantic_core"":30,""text_meta"":144,""vl_meta"":144}",,,,draw,29,B36_component
,O1200,0.18352487127016867,native_joint_vjp_minus_main_vjp,0.08530382066965103,9,,,,5,,0.2418747393943112,4.656612873077393e-10,0.17176023217113642,0.11004639062143506,67,,,"{""action_meta"":144,""compiler"":25,""factor_heads"":16,""procedure"":42,""semantic_core"":30,""text_meta"":144,""vl_meta"":144}",,,,draw,11,B36_component
,O1200,0.12860258743247915,native_joint_vjp_minus_main_vjp,0.042076535522937775,9,,,,42,,0.4741228748262269,4.656612873077393e-10,0.45393701765326094,0.09714026181470779,67,,,"{""action_meta"":144,""compiler"":25,""factor_heads"":16,""procedure"":42,""semantic_core"":30,""text_meta"":144,""vl_meta"":144}",,,,draw,11,B36_component
,O1200,0.17130310001638388,native_joint_vjp_minus_main_vjp,0.03887796401977539,9,,,,55,,0.3658302930778094,4.656612873077393e-10,0.28898947173931405,0.12223551919062932,67,,,"{""action_meta"":144,""compiler"":25,""factor_heads"":16,""procedure"":42,""semantic_core"":30,""text_meta"":144,""vl_meta"":144}",,,,draw,21,B36_component
0.00018218915527411152,O1200,0.13992657632526023,native_joint_vjp_minus_main_vjp,0.05238110898062587,,,,,,text_meta,0.0004926034090392285,4.656612873077393e-10,0.18874092152845096,0.09321006147989204,,,144,"{""action_meta"":144,""compiler"":25,""factor_heads"":16,""procedure"":42,""semantic_core"":30,""text_meta"":144,""vl_meta"":144}",0.742073405275881,4.624130408648671e-08,0.00034202723049368036,group,,B4
0.0032276190596378282,O1200,0.13992657632526023,native_joint_vjp_minus_main_vjp,0.05238110898062587,,,,,,vl_meta,0.012615312311926639,4.656612873077393e-10,0.18874092152845096,0.09321006147989204,,,144,"{""action_meta"":144,""compiler"":25,""factor_heads"":16,""procedure"":42,""semantic_core"":30,""text_meta"":144,""vl_meta"":144}",0.3324366287166921,1.1984705619624836e-05,0.011169564236641708,group,,B4
0.0004353676860615608,O1200,0.13992657632526023,native_joint_vjp_minus_main_vjp,0.05238110898062587,,,,,,action_meta,0.0010496903131664234,4.656612873077393e-10,0.18874092152845096,0.09321006147989204,,,144,"{""action_meta"":144,""compiler"":25,""factor_heads"":16,""procedure"":42,""semantic_core"":30,""text_meta"":144,""vl_meta"":144}",0.9509527180834558,2.5958724360848397e-07,0.0006270009967617803,group,,B4
0.00631834726256737,O1200,0.13992657632526023,native_joint_vjp_minus_main_vjp,0.05238110898062587,,,,,,semantic_core,0.02137529380360136,4.656612873077393e-10,0.18874092152845096,0.09321006147989204,,,30,"{""action_meta"":144,""compiler"":25,""factor_heads"":16,""procedure"":42,""semantic_core"":30,""text_meta"":144,""vl_meta"":144}",0.2937385857998918,3.4610271297203726e-05,0.01864835433094646,group,,B4
0.0019439375032806521,O1200,0.13992657632526023,native_joint_vjp_minus_main_vjp,0.05238110898062587,,,,,,procedure,0.004322753788896144,4.656612873077393e-10,0.18874092152845096,0.09321006147989204,,,42,"{""action_meta"":144,""compiler"":25,""factor_heads"":16,""procedure"":42,""semantic_core"":30,""text_meta"":144,""vl_meta"":144}",0.733251210869127,3.834758839469537e-06,0.002690313989410682,group,,B4
0.017489031250958582,O1200,0.13992657632526023,native_joint_vjp_minus_main_vjp,0.05238110898062587,,,,,,compiler,0.03424490157491936,4.656612873077393e-10,0.18874092152845096,0.09321006147989204,,,25,"{""action_meta"":144,""compiler"":25,""factor_heads"":16,""procedure"":42,""semantic_core"":30,""text_meta"":144,""vl_meta"":144}",0.40104922167329055,0.0001630903016642815,0.023252235047368636,group,,B4
0.0803482491280886,O1200,0.13992657632526023,native_joint_vjp_minus_main_vjp,0.05238110898062587,,,,,,factor_heads,0.13163746626192846,4.656612873077393e-10,0.18874092152845096,0.09321006147989204,,,16,"{""action_meta"":144,""compiler"":25,""factor_heads"":16,""procedure"":42,""semantic_core"":30,""text_meta"":144,""vl_meta"":144}",0.23568591436114353,0.001648279016857046,0.08704036119053939,group,,B4
0.00020667628310389703,O1200,0.1769109699038448,native_joint_vjp_minus_main_vjp,0.06182298278953466,,,,,,text_meta,0.0007387420504638912,4.656612873077393e-10,0.2668975228473012,0.10424697616201622,,,144,"{""action_meta"":144,""compiler"":25,""factor_heads"":16,""procedure"":42,""semantic_core"":30,""text_meta"":144,""vl_meta"":144}",0.725781666451639,8.624047192562836e-08,0.0005749293612379302,group,,B36
0.001511690801633812,O1200,0.1769109699038448,native_joint_vjp_minus_main_vjp,0.06182298278953466,,,,,,vl_meta,0.00331194830582926,4.656612873077393e-10,0.2668975228473012,0.10424697616201622,,,144,"{""action_meta"":144,""compiler"":25,""factor_heads"":16,""procedure"":42,""semantic_core"":30,""text_meta"":144,""vl_meta"":144}",0.32686151998226787,1.2322462964904635e-06,0.002493852452734437,group,,B36
9.673224002958339e-05,O1200,0.1769109699038448,native_joint_vjp_minus_main_vjp,0.06182298278953466,,,,,,action_meta,0.00021365905584587897,4.656612873077393e-10,0.2668975228473012,0.10424697616201622,,,144,"{""action_meta"":144,""compiler"":25,""factor_heads"":16,""procedure"":42,""semantic_core"":30,""text_meta"":144,""vl_meta"":144}",0.5661276900650409,7.856236953705703e-09,0.00014345937407679607,group,,B36
0.003404047371368242,O1200,0.1769109699038448,native_joint_vjp_minus_main_vjp,0.06182298278953466,,,,,,semantic_core,0.006351867336590504,4.656612873077393e-10,0.2668975228473012,0.10424697616201622,,,30,"{""action_meta"":144,""compiler"":25,""factor_heads"":16,""procedure"":42,""semantic_core"":30,""text_meta"":144,""vl_meta"":144}",0.29240054098426255,4.438199932494538e-06,0.004458955062173419,group,,B36
0.0007538940660207182,O1200,0.1769109699038448,native_joint_vjp_minus_main_vjp,0.06182298278953466,,,,,,procedure,0.001353763155687054,4.656612873077393e-10,0.2668975228473012,0.10424697616201622,,,42,"{""action_meta"":144,""compiler"":25,""factor_heads"":16,""procedure"":42,""semantic_core"":30,""text_meta"":144,""vl_meta"":144}",0.3075174745550913,2.12415892980906e-07,0.0009162350115968303,group,,B36
0.006698675798127944,O1200,0.1769109699038448,native_joint_vjp_minus_main_vjp,0.06182298278953466,,,,,,compiler,0.01714065506474488,4.656612873077393e-10,0.2668975228473012,0.10424697616201622,,,25,"{""action_meta"":144,""compiler"":25,""factor_heads"":16,""procedure"":42,""semantic_core"":30,""text_meta"":144,""vl_meta"":144}",0.29986096140248014,2.7912875362190448e-05,0.013896188221353408,group,,B36
0.035493553663058695,O1200,0.1769109699038448,native_joint_vjp_minus_main_vjp,0.06182298278953466,,,,,,factor_heads,0.08466670159524166,4.656612873077393e-10,0.2668975228473012,0.10424697616201622,,,16,"{""action_meta"":144,""compiler"":25,""factor_heads"":16,""procedure"":42,""semantic_core"":30,""text_meta"":144,""vl_meta"":144}",0.2854682135339349,0.0006829201152389608,0.06740042950184065,group,,B36
,O1200,,native_joint_vjp_minus_main_vjp,,1,joint,1.0000003131397068,0.019137221798467708,,,,4.656612873077393e-10,,,,1,,"{""action_meta"":144,""compiler"":25,""factor_heads"":16,""procedure"":42,""semantic_core"":30,""text_meta"":144,""vl_meta"":144}",,,,batch_gram,,B36
,O1200,,native_joint_vjp_minus_main_vjp,,2,joint,0.0390169138022569,0.0012077980552095047,,,,4.656612873077393e-10,,,,1,,"{""action_meta"":144,""compiler"":25,""factor_heads"":16,""procedure"":42,""semantic_core"":30,""text_meta"":144,""vl_meta"":144}",,,,batch_gram,,B36
,O1200,,native_joint_vjp_minus_main_vjp,,2,joint,1.0000002117276965,0.05007306334063879,,,,4.656612873077393e-10,,,,2,,"{""action_meta"":144,""compiler"":25,""factor_heads"":16,""procedure"":42,""semantic_core"":30,""text_meta"":144,""vl_meta"":144}",,,,batch_gram,,B36
,O1200,,native_joint_vjp_minus_main_vjp,,3,joint,-0.05742437323054335,-0.001841565504493995,,,,4.656612873077393e-10,,,,1,,"{""action_meta"":144,""compiler"":25,""factor_heads"":16,""procedure"":42,""semantic_core"":30,""text_meta"":144,""vl_meta"":144}",,,,batch_gram,,B36
,O1200,,native_joint_vjp_minus_main_vjp,,3,joint,0.2120317361634579,0.010999031214666166,,,,4.656612873077393e-10,,,,2,,"{""action_meta"":144,""compiler"":25,""factor_heads"":16,""procedure"":42,""semantic_core"":30,""text_meta"":144,""vl_meta"":144}",,,,batch_gram,,B36
,O1200,,native_joint_vjp_minus_main_vjp,,3,joint,1.000000148938773,0.05374067606208413,,,,4.656612873077393e-10,,,,3,,"{""action_meta"":144,""compiler"":25,""factor_heads"":16,""procedure"":42,""semantic_core"":30,""text_meta"":144,""vl_meta"":144}",,,,batch_gram,,B36
,O1200,,native_joint_vjp_minus_main_vjp,,4,joint,0.0027616155112108257,9.151480444100498e-05,,,,4.656612873077393e-10,,,,1,,"{""action_meta"":144,""compiler"":25,""factor_heads"":16,""procedure"":42,""semantic_core"":30,""text_meta"":144,""vl_meta"":144}",,,,batch_gram,,B36
,O1200,,native_joint_vjp_minus_main_vjp,,4,joint,0.12118999078827682,0.006496172558308074,,,,4.656612873077393e-10,,,,2,,"{""action_meta"":144,""compiler"":25,""factor_heads"":16,""procedure"":42,""semantic_core"":30,""text_meta"":144,""vl_meta"":144}",,,,batch_gram,,B36
,O1200,,native_joint_vjp_minus_main_vjp,,4,joint,0.2180869562690511,0.012110720666099905,,,,4.656612873077393e-10,,,,3,,"{""action_meta"":144,""compiler"":25,""factor_heads"":16,""procedure"":42,""semantic_core"":30,""text_meta"":144,""vl_meta"":144}",,,,batch_gram,,B36
,O1200,,native_joint_vjp_minus_main_vjp,,4,joint,1.0000001773565959,0.05738225459040333,,,,4.656612873077393e-10,,,,4,,"{""action_meta"":144,""compiler"":25,""factor_heads"":16,""procedure"":42,""semantic_core"":30,""text_meta"":144,""vl_meta"":144}",,,,batch_gram,,B36
,O1200,,native_joint_vjp_minus_main_vjp,,5,joint,-0.03426461589895545,-0.0007945998632189604,,,,4.656612873077393e-10,,,,1,,"{""action_meta"":144,""compiler"":25,""factor_heads"":16,""procedure"":42,""semantic_core"":30,""text_meta"":144,""vl_meta"":144}",,,,batch_gram,,B36
,O1200,,native_joint_vjp_minus_main_vjp,,5,joint,0.09011918931962105,0.003380512545017682,,,,4.656612873077393e-10,,,,2,,"{""action_meta"":144,""compiler"":25,""factor_heads"":16,""procedure"":42,""semantic_core"":30,""text_meta"":144,""vl_meta"":144}",,,,batch_gram,,B36
,O1200,,native_joint_vjp_minus_main_vjp,,5,joint,0.34044561235097137,0.013230081295405597,,,,4.656612873077393e-10,,,,3,,"{""action_meta"":144,""compiler"":25,""factor_heads"":16,""procedure"":42,""semantic_core"":30,""text_meta"":144,""vl_meta"":144}",,,,batch_gram,,B36
,O1200,,native_joint_vjp_minus_main_vjp,,5,joint,0.18191976524775957,0.007305196349048209,,,,4.656612873077393e-10,,,,4,,"{""action_meta"":144,""compiler"":25,""factor_heads"":16,""procedure"":42,""semantic_core"":30,""text_meta"":144,""vl_meta"":144}",,,,batch_gram,,B36
,O1200,,native_joint_vjp_minus_main_vjp,,5,joint,1.0000001781404213,0.02810130957538264,,,,4.656612873077393e-10,,,,5,,"{""action_meta"":144,""compiler"":25,""factor_heads"":16,""procedure"":42,""semantic_core"":30,""text_meta"":144,""vl_meta"":144}",,,,batch_gram,,B36
,O1200,,native_joint_vjp_minus_main_vjp,,6,joint,0.015486831852968007,0.0003895840441460296,,,,4.656612873077393e-10,,,,1,,"{""action_meta"":144,""compiler"":25,""factor_heads"":16,""procedure"":42,""semantic_core"":30,""text_meta"":144,""vl_meta"":144}",,,,batch_gram,,B36
,O1200,,native_joint_vjp_minus_main_vjp,,6,joint,0.041873223601716546,0.0017038746131902436,,,,4.656612873077393e-10,,,,2,,"{""action_meta"":144,""compiler"":25,""factor_heads"":16,""procedure"":42,""semantic_core"":30,""text_meta"":144,""vl_meta"":144}",,,,batch_gram,,B36
,O1200,,native_joint_vjp_minus_main_vjp,,6,joint,0.07742928208709367,0.0032640436981954827,,,,4.656612873077393e-10,,,,3,,"{""action_meta"":144,""compiler"":25,""factor_heads"":16,""procedure"":42,""semantic_core"":30,""text_meta"":144,""vl_meta"":144}",,,,batch_gram,,B36
,O1200,,native_joint_vjp_minus_main_vjp,,6,joint,0.0779775238341564,0.003396701686885086,,,,4.656612873077393e-10,,,,4,,"{""action_meta"":144,""compiler"":25,""factor_heads"":16,""procedure"":42,""semantic_core"":30,""text_meta"":144,""vl_meta"":144}",,,,batch_gram,,B36
,O1200,,native_joint_vjp_minus_main_vjp,,6,joint,0.16201230299347164,0.00493867489090328,,,,4.656612873077393e-10,,,,5,,"{""action_meta"":144,""compiler"":25,""factor_heads"":16,""procedure"":42,""semantic_core"":30,""text_meta"":144,""vl_meta"":144}",,,,batch_gram,,B36
,O1200,,native_joint_vjp_minus_main_vjp,,6,joint,1.000000266705893,0.03306728347620048,,,,4.656612873077393e-10,,,,6,,"{""action_meta"":144,""compiler"":25,""factor_heads"":16,""procedure"":42,""semantic_core"":30,""text_meta"":144,""vl_meta"":144}",,,,batch_gram,,B36
,O1200,,native_joint_vjp_minus_main_vjp,,7,joint,0.020566362184055227,0.00044919095448211853,,,,4.656612873077393e-10,,,,1,,"{""action_meta"":144,""compiler"":25,""factor_heads"":16,""procedure"":42,""semantic_core"":30,""text_meta"":144,""vl_meta"":144}",,,,batch_gram,,B36
,O1200,,native_joint_vjp_minus_main_vjp,,7,joint,0.04286039683983152,0.0015142318184141678,,,,4.656612873077393e-10,,,,2,,"{""action_meta"":144,""compiler"":25,""factor_heads"":16,""procedure"":42,""semantic_core"":30,""text_meta"":144,""vl_meta"":144}",,,,batch_gram,,B36
,O1200,,native_joint_vjp_minus_main_vjp,,7,joint,0.049913511814931956,0.001826853841554198,,,,4.656612873077393e-10,,,,3,,"{""action_meta"":144,""compiler"":25,""factor_heads"":16,""procedure"":42,""semantic_core"":30,""text_meta"":144,""vl_meta"":144}",,,,batch_gram,,B36
,O1200,,native_joint_vjp_minus_main_vjp,,7,joint,0.0829646308137671,0.003137732352947417,,,,4.656612873077393e-10,,,,4,,"{""action_meta"":144,""compiler"":25,""factor_heads"":16,""procedure"":42,""semantic_core"":30,""text_meta"":144,""vl_meta"":144}",,,,batch_gram,,B36
,O1200,,native_joint_vjp_minus_main_vjp,,7,joint,0.039832951765966046,0.0010542409381376007,,,,4.656612873077393e-10,,,,5,,"{""action_meta"":144,""compiler"":25,""factor_heads"":16,""procedure"":42,""semantic_core"":30,""text_meta"":144,""vl_meta"":144}",,,,batch_gram,,B36
,O1200,,native_joint_vjp_minus_main_vjp,,7,joint,0.06959560147134977,0.0019980904272875045,,,,4.656612873077393e-10,,,,6,,"{""action_meta"":144,""compiler"":25,""factor_heads"":16,""procedure"":42,""semantic_core"":30,""text_meta"":144,""vl_meta"":144}",,,,batch_gram,,B36
,O1200,,native_joint_vjp_minus_main_vjp,,7,joint,1.0000002795852234,0.024926908068545375,,,,4.656612873077393e-10,,,,7,,"{""action_meta"":144,""compiler"":25,""factor_heads"":16,""procedure"":42,""semantic_core"":30,""text_meta"":144,""vl_meta"":144}",,,,batch_gram,,B36
,O1200,,native_joint_vjp_minus_main_vjp,,8,joint,0.08433059537137684,0.0022238154761489333,,,,4.656612873077393e-10,,,,1,,"{""action_meta"":144,""compiler"":25,""factor_heads"":16,""procedure"":42,""semantic_core"":30,""text_meta"":144,""vl_meta"":144}",,,,batch_gram,,B36
,O1200,,native_joint_vjp_minus_main_vjp,,8,joint,0.1784084349069202,0.007610122062373496,,,,4.656612873077393e-10,,,,2,,"{""action_meta"":144,""compiler"":25,""factor_heads"":16,""procedure"":42,""semantic_core"":30,""text_meta"":144,""vl_meta"":144}",,,,batch_gram,,B36
,O1200,,native_joint_vjp_minus_main_vjp,,8,joint,0.1947024705625742,0.008603936518211994,,,,4.656612873077393e-10,,,,3,,"{""action_meta"":144,""compiler"":25,""factor_heads"":16,""procedure"":42,""semantic_core"":30,""text_meta"":144,""vl_meta"":144}",,,,batch_gram,,B36
,O1200,,native_joint_vjp_minus_main_vjp,,8,joint,0.1509810908489767,0.006894226207509997,,,,4.656612873077393e-10,,,,4,,"{""action_meta"":144,""compiler"":25,""factor_heads"":16,""procedure"":42,""semantic_core"":30,""text_meta"":144,""vl_meta"":144}",,,,batch_gram,,B36
,O1200,,native_joint_vjp_minus_main_vjp,,8,joint,0.2611238309512575,0.008344185576289385,,,,4.656612873077393e-10,,,,5,,"{""action_meta"":144,""compiler"":25,""factor_heads"":16,""procedure"":42,""semantic_core"":30,""text_meta"":144,""vl_meta"":144}",,,,batch_gram,,B36
,O1200,,native_joint_vjp_minus_main_vjp,,8,joint,0.08330846776516818,0.0028877696841924827,,,,4.656612873077393e-10,,,,6,,"{""action_meta"":144,""compiler"":25,""factor_heads"":16,""procedure"":42,""semantic_core"":30,""text_meta"":144,""vl_meta"":144}",,,,batch_gram,,B36
,O1200,,native_joint_vjp_minus_main_vjp,,8,joint,-0.08867555258642452,-0.00266877679901361,,,,4.656612873077393e-10,,,,7,,"{""action_meta"":144,""compiler"":25,""factor_heads"":16,""procedure"":42,""semantic_core"":30,""text_meta"":144,""vl_meta"":144}",,,,batch_gram,,B36
,O1200,,native_joint_vjp_minus_main_vjp,,8,joint,1.000000234795261,0.03633695334773355,,,,4.656612873077393e-10,,,,8,,"{""action_meta"":144,""compiler"":25,""factor_heads"":16,""procedure"":42,""semantic_core"":30,""text_meta"":144,""vl_meta"":144}",,,,batch_gram,,B36
,O1200,,native_joint_vjp_minus_main_vjp,,9,joint,0.13346942529202296,0.0032314463948036804,,,,4.656612873077393e-10,,,,1,,"{""action_meta"":144,""compiler"":25,""factor_heads"":16,""procedure"":42,""semantic_core"":30,""text_meta"":144,""vl_meta"":144}",,,,batch_gram,,B36
,O1200,,native_joint_vjp_minus_main_vjp,,9,joint,0.12647361644076285,0.004953107572239552,,,,4.656612873077393e-10,,,,2,,"{""action_meta"":144,""compiler"":25,""factor_heads"":16,""procedure"":42,""semantic_core"":30,""text_meta"":144,""vl_meta"":144}",,,,batch_gram,,B36
,O1200,,native_joint_vjp_minus_main_vjp,,9,joint,0.15356981398943376,0.006230647434009004,,,,4.656612873077393e-10,,,,3,,"{""action_meta"":144,""compiler"":25,""factor_heads"":16,""procedure"":42,""semantic_core"":30,""text_meta"":144,""vl_meta"":144}",,,,batch_gram,,B36
,O1200,,native_joint_vjp_minus_main_vjp,,9,joint,0.12956296391676214,0.00543182073182402,,,,4.656612873077393e-10,,,,4,,"{""action_meta"":144,""compiler"":25,""factor_heads"":16,""procedure"":42,""semantic_core"":30,""text_meta"":144,""vl_meta"":144}",,,,batch_gram,,B36
,O1200,,native_joint_vjp_minus_main_vjp,,9,joint,0.03463330390615731,0.0010160918155018798,,,,4.656612873077393e-10,,,,5,,"{""action_meta"":144,""compiler"":25,""factor_heads"":16,""procedure"":42,""semantic_core"":30,""text_meta"":144,""vl_meta"":144}",,,,batch_gram,,B36
,O1200,,native_joint_vjp_minus_main_vjp,,9,joint,0.0736370215038339,0.002343533701815449,,,,4.656612873077393e-10,,,,6,,"{""action_meta"":144,""compiler"":25,""factor_heads"":16,""procedure"":42,""semantic_core"":30,""text_meta"":144,""vl_meta"":144}",,,,batch_gram,,B36
,O1200,,native_joint_vjp_minus_main_vjp,,9,joint,0.1402094418198061,0.003874246006304642,,,,4.656612873077393e-10,,,,7,,"{""action_meta"":144,""compiler"":25,""factor_heads"":16,""procedure"":42,""semantic_core"":30,""text_meta"":144,""vl_meta"":144}",,,,batch_gram,,B36
,O1200,,native_joint_vjp_minus_main_vjp,,9,joint,0.025941044554030835,0.000865440973555031,,,,4.656612873077393e-10,,,,8,,"{""action_meta"":144,""compiler"":25,""factor_heads"":16,""procedure"":42,""semantic_core"":30,""text_meta"":144,""vl_meta"":144}",,,,batch_gram,,B36
,O1200,,native_joint_vjp_minus_main_vjp,,9,joint,1.0000002169554616,0.03063032966208453,,,,4.656612873077393e-10,,,,9,,"{""action_meta"":144,""compiler"":25,""factor_heads"":16,""procedure"":42,""semantic_core"":30,""text_meta"":144,""vl_meta"":144}",,,,batch_gram,,B36
