panel,suite,task_id,init_state_id,success
writer/validation/correct,libero_10,1,0,0
writer/validation/correct,libero_10,1,1,0
writer/validation/correct,libero_10,1,2,0
writer/validation/correct,libero_10,1,3,1
writer/validation/correct,libero_10,1,4,0
writer/validation/correct,libero_10,1,5,0
writer/validation/correct,libero_10,1,6,0
writer/validation/correct,libero_10,1,7,1
writer/validation/correct,libero_10,1,8,1
writer/validation/correct,libero_10,1,9,1
writer/validation/correct,libero_10,1,10,1
writer/validation/correct,libero_10,1,11,1
writer/validation/correct,libero_10,1,12,0
writer/validation/correct,libero_10,1,13,1
writer/validation/correct,libero_10,1,14,0
writer/validation/correct,libero_10,1,15,1
writer/validation/correct,libero_10,1,16,1
writer/validation/correct,libero_10,1,17,0
writer/validation/correct,libero_10,1,18,1
writer/validation/correct,libero_10,1,19,0
writer/validation/correct,libero_10,1,20,1
writer/validation/correct,libero_10,1,21,0
writer/validation/correct,libero_10,1,22,1
writer/validation/correct,libero_10,1,23,0
writer/validation/correct,libero_10,1,24,1
writer/validation/correct,libero_10,1,25,1
writer/validation/correct,libero_10,1,26,1
writer/validation/correct,libero_10,1,27,0
writer/validation/correct,libero_10,1,28,0
writer/validation/correct,libero_10,1,29,0
writer/validation/correct,libero_10,1,30,1
writer/validation/correct,libero_10,1,31,1
writer/validation/correct,libero_10,1,32,0
writer/validation/correct,libero_10,1,33,0
writer/validation/correct,libero_10,1,34,1
writer/validation/correct,libero_10,1,35,0
writer/validation/correct,libero_10,1,36,1
writer/validation/correct,libero_10,1,37,0
writer/validation/correct,libero_10,1,38,0
writer/validation/correct,libero_10,1,39,1
writer/validation/correct,libero_10,1,40,0
writer/validation/correct,libero_10,1,41,1
writer/validation/correct,libero_10,1,42,0
writer/validation/correct,libero_10,1,43,1
writer/validation/correct,libero_10,1,44,1
writer/validation/correct,libero_10,1,45,1
writer/validation/correct,libero_10,1,46,1
writer/validation/correct,libero_10,1,47,0
writer/validation/correct,libero_10,1,48,0
writer/validation/correct,libero_10,1,49,1
writer/validation/correct,libero_10,9,0,0
writer/validation/correct,libero_10,9,1,0
writer/validation/correct,libero_10,9,2,0
writer/validation/correct,libero_10,9,3,0
writer/validation/correct,libero_10,9,4,0
writer/validation/correct,libero_10,9,5,0
writer/validation/correct,libero_10,9,6,0
writer/validation/correct,libero_10,9,7,0
writer/validation/correct,libero_10,9,8,0
writer/validation/correct,libero_10,9,9,0
writer/validation/correct,libero_10,9,10,0
writer/validation/correct,libero_10,9,11,0
writer/validation/correct,libero_10,9,12,0
writer/validation/correct,libero_10,9,13,0
writer/validation/correct,libero_10,9,14,0
writer/validation/correct,libero_10,9,15,0
writer/validation/correct,libero_10,9,16,0
writer/validation/correct,libero_10,9,17,0
writer/validation/correct,libero_10,9,18,0
writer/validation/correct,libero_10,9,19,0
writer/validation/correct,libero_10,9,20,0
writer/validation/correct,libero_10,9,21,0
writer/validation/correct,libero_10,9,22,0
writer/validation/correct,libero_10,9,23,0
writer/validation/correct,libero_10,9,24,0
writer/validation/correct,libero_10,9,25,0
writer/validation/correct,libero_10,9,26,0
writer/validation/correct,libero_10,9,27,0
writer/validation/correct,libero_10,9,28,0
writer/validation/correct,libero_10,9,29,0
writer/validation/correct,libero_10,9,30,0
writer/validation/correct,libero_10,9,31,0
writer/validation/correct,libero_10,9,32,0
writer/validation/correct,libero_10,9,33,0
writer/validation/correct,libero_10,9,34,0
writer/validation/correct,libero_10,9,35,0
writer/validation/correct,libero_10,9,36,0
writer/validation/correct,libero_10,9,37,0
writer/validation/correct,libero_10,9,38,0
writer/validation/correct,libero_10,9,39,0
writer/validation/correct,libero_10,9,40,0
writer/validation/correct,libero_10,9,41,0
writer/validation/correct,libero_10,9,42,0
writer/validation/correct,libero_10,9,43,0
writer/validation/correct,libero_10,9,44,0
writer/validation/correct,libero_10,9,45,0
writer/validation/correct,libero_10,9,46,0
writer/validation/correct,libero_10,9,47,0
writer/validation/correct,libero_10,9,48,0
writer/validation/correct,libero_10,9,49,0
writer/validation/correct,libero_goal,3,0,0
writer/validation/correct,libero_goal,3,1,0
writer/validation/correct,libero_goal,3,2,0
writer/validation/correct,libero_goal,3,3,0
writer/validation/correct,libero_goal,3,4,0
writer/validation/correct,libero_goal,3,5,0
writer/validation/correct,libero_goal,3,6,0
writer/validation/correct,libero_goal,3,7,0
writer/validation/correct,libero_goal,3,8,0
writer/validation/correct,libero_goal,3,9,0
writer/validation/correct,libero_goal,3,10,0
writer/validation/correct,libero_goal,3,11,0
writer/validation/correct,libero_goal,3,12,0
writer/validation/correct,libero_goal,3,13,0
writer/validation/correct,libero_goal,3,14,0
writer/validation/correct,libero_goal,3,15,0
writer/validation/correct,libero_goal,3,16,0
writer/validation/correct,libero_goal,3,17,0
writer/validation/correct,libero_goal,3,18,0
writer/validation/correct,libero_goal,3,19,0
writer/validation/correct,libero_goal,3,20,0
writer/validation/correct,libero_goal,3,21,0
writer/validation/correct,libero_goal,3,22,0
writer/validation/correct,libero_goal,3,23,0
writer/validation/correct,libero_goal,3,24,0
writer/validation/correct,libero_goal,3,25,0
writer/validation/correct,libero_goal,3,26,0
writer/validation/correct,libero_goal,3,27,0
writer/validation/correct,libero_goal,3,28,0
writer/validation/correct,libero_goal,3,29,0
writer/validation/correct,libero_goal,3,30,0
writer/validation/correct,libero_goal,3,31,0
writer/validation/correct,libero_goal,3,32,0
writer/validation/correct,libero_goal,3,33,0
writer/validation/correct,libero_goal,3,34,0
writer/validation/correct,libero_goal,3,35,0
writer/validation/correct,libero_goal,3,36,0
writer/validation/correct,libero_goal,3,37,0
writer/validation/correct,libero_goal,3,38,0
writer/validation/correct,libero_goal,3,39,0
writer/validation/correct,libero_goal,3,40,0
writer/validation/correct,libero_goal,3,41,0
writer/validation/correct,libero_goal,3,42,0
writer/validation/correct,libero_goal,3,43,0
writer/validation/correct,libero_goal,3,44,0
writer/validation/correct,libero_goal,3,45,0
writer/validation/correct,libero_goal,3,46,0
writer/validation/correct,libero_goal,3,47,0
writer/validation/correct,libero_goal,3,48,0
writer/validation/correct,libero_goal,3,49,0
writer/validation/correct,libero_goal,6,0,1
writer/validation/correct,libero_goal,6,1,1
writer/validation/correct,libero_goal,6,2,1
writer/validation/correct,libero_goal,6,3,0
writer/validation/correct,libero_goal,6,4,1
writer/validation/correct,libero_goal,6,5,0
writer/validation/correct,libero_goal,6,6,1
writer/validation/correct,libero_goal,6,7,1
writer/validation/correct,libero_goal,6,8,1
writer/validation/correct,libero_goal,6,9,1
writer/validation/correct,libero_goal,6,10,1
writer/validation/correct,libero_goal,6,11,1
writer/validation/correct,libero_goal,6,12,0
writer/validation/correct,libero_goal,6,13,1
writer/validation/correct,libero_goal,6,14,1
writer/validation/correct,libero_goal,6,15,1
writer/validation/correct,libero_goal,6,16,0
writer/validation/correct,libero_goal,6,17,1
writer/validation/correct,libero_goal,6,18,1
writer/validation/correct,libero_goal,6,19,1
writer/validation/correct,libero_goal,6,20,1
writer/validation/correct,libero_goal,6,21,1
writer/validation/correct,libero_goal,6,22,1
writer/validation/correct,libero_goal,6,23,1
writer/validation/correct,libero_goal,6,24,0
writer/validation/correct,libero_goal,6,25,1
writer/validation/correct,libero_goal,6,26,1
writer/validation/correct,libero_goal,6,27,1
writer/validation/correct,libero_goal,6,28,1
writer/validation/correct,libero_goal,6,29,1
writer/validation/correct,libero_goal,6,30,1
writer/validation/correct,libero_goal,6,31,1
writer/validation/correct,libero_goal,6,32,0
writer/validation/correct,libero_goal,6,33,1
writer/validation/correct,libero_goal,6,34,1
writer/validation/correct,libero_goal,6,35,1
writer/validation/correct,libero_goal,6,36,1
writer/validation/correct,libero_goal,6,37,1
writer/validation/correct,libero_goal,6,38,1
writer/validation/correct,libero_goal,6,39,1
writer/validation/correct,libero_goal,6,40,1
writer/validation/correct,libero_goal,6,41,1
writer/validation/correct,libero_goal,6,42,1
writer/validation/correct,libero_goal,6,43,1
writer/validation/correct,libero_goal,6,44,1
writer/validation/correct,libero_goal,6,45,1
writer/validation/correct,libero_goal,6,46,1
writer/validation/correct,libero_goal,6,47,1
writer/validation/correct,libero_goal,6,48,1
writer/validation/correct,libero_goal,6,49,1
writer/validation/correct,libero_object,1,0,1
writer/validation/correct,libero_object,1,1,0
writer/validation/correct,libero_object,1,2,0
writer/validation/correct,libero_object,1,3,1
writer/validation/correct,libero_object,1,4,0
writer/validation/correct,libero_object,1,5,0
writer/validation/correct,libero_object,1,6,1
writer/validation/correct,libero_object,1,7,0
writer/validation/correct,libero_object,1,8,1
writer/validation/correct,libero_object,1,9,1
writer/validation/correct,libero_object,1,10,1
writer/validation/correct,libero_object,1,11,0
writer/validation/correct,libero_object,1,12,0
writer/validation/correct,libero_object,1,13,0
writer/validation/correct,libero_object,1,14,0
writer/validation/correct,libero_object,1,15,1
writer/validation/correct,libero_object,1,16,1
writer/validation/correct,libero_object,1,17,0
writer/validation/correct,libero_object,1,18,0
writer/validation/correct,libero_object,1,19,1
writer/validation/correct,libero_object,1,20,0
writer/validation/correct,libero_object,1,21,0
writer/validation/correct,libero_object,1,22,0
writer/validation/correct,libero_object,1,23,1
writer/validation/correct,libero_object,1,24,1
writer/validation/correct,libero_object,1,25,1
writer/validation/correct,libero_object,1,26,1
writer/validation/correct,libero_object,1,27,0
writer/validation/correct,libero_object,1,28,0
writer/validation/correct,libero_object,1,29,0
writer/validation/correct,libero_object,1,30,1
writer/validation/correct,libero_object,1,31,1
writer/validation/correct,libero_object,1,32,0
writer/validation/correct,libero_object,1,33,1
writer/validation/correct,libero_object,1,34,1
writer/validation/correct,libero_object,1,35,1
writer/validation/correct,libero_object,1,36,1
writer/validation/correct,libero_object,1,37,1
writer/validation/correct,libero_object,1,38,0
writer/validation/correct,libero_object,1,39,1
writer/validation/correct,libero_object,1,40,1
writer/validation/correct,libero_object,1,41,1
writer/validation/correct,libero_object,1,42,0
writer/validation/correct,libero_object,1,43,1
writer/validation/correct,libero_object,1,44,1
writer/validation/correct,libero_object,1,45,1
writer/validation/correct,libero_object,1,46,1
writer/validation/correct,libero_object,1,47,1
writer/validation/correct,libero_object,1,48,1
writer/validation/correct,libero_object,1,49,1
writer/validation/correct,libero_object,6,0,0
writer/validation/correct,libero_object,6,1,0
writer/validation/correct,libero_object,6,2,0
writer/validation/correct,libero_object,6,3,0
writer/validation/correct,libero_object,6,4,0
writer/validation/correct,libero_object,6,5,0
writer/validation/correct,libero_object,6,6,0
writer/validation/correct,libero_object,6,7,0
writer/validation/correct,libero_object,6,8,0
writer/validation/correct,libero_object,6,9,0
writer/validation/correct,libero_object,6,10,0
writer/validation/correct,libero_object,6,11,0
writer/validation/correct,libero_object,6,12,0
writer/validation/correct,libero_object,6,13,0
writer/validation/correct,libero_object,6,14,1
writer/validation/correct,libero_object,6,15,0
writer/validation/correct,libero_object,6,16,0
writer/validation/correct,libero_object,6,17,0
writer/validation/correct,libero_object,6,18,0
writer/validation/correct,libero_object,6,19,0
writer/validation/correct,libero_object,6,20,0
writer/validation/correct,libero_object,6,21,0
writer/validation/correct,libero_object,6,22,0
writer/validation/correct,libero_object,6,23,0
writer/validation/correct,libero_object,6,24,1
writer/validation/correct,libero_object,6,25,1
writer/validation/correct,libero_object,6,26,0
writer/validation/correct,libero_object,6,27,0
writer/validation/correct,libero_object,6,28,0
writer/validation/correct,libero_object,6,29,0
writer/validation/correct,libero_object,6,30,0
writer/validation/correct,libero_object,6,31,1
writer/validation/correct,libero_object,6,32,0
writer/validation/correct,libero_object,6,33,0
writer/validation/correct,libero_object,6,34,0
writer/validation/correct,libero_object,6,35,0
writer/validation/correct,libero_object,6,36,0
writer/validation/correct,libero_object,6,37,1
writer/validation/correct,libero_object,6,38,0
writer/validation/correct,libero_object,6,39,0
writer/validation/correct,libero_object,6,40,0
writer/validation/correct,libero_object,6,41,0
writer/validation/correct,libero_object,6,42,0
writer/validation/correct,libero_object,6,43,0
writer/validation/correct,libero_object,6,44,0
writer/validation/correct,libero_object,6,45,0
writer/validation/correct,libero_object,6,46,0
writer/validation/correct,libero_object,6,47,0
writer/validation/correct,libero_object,6,48,0
writer/validation/correct,libero_object,6,49,0
writer/validation/correct,libero_spatial,3,0,1
writer/validation/correct,libero_spatial,3,1,0
writer/validation/correct,libero_spatial,3,2,0
writer/validation/correct,libero_spatial,3,3,0
writer/validation/correct,libero_spatial,3,4,0
writer/validation/correct,libero_spatial,3,5,0
writer/validation/correct,libero_spatial,3,6,0
writer/validation/correct,libero_spatial,3,7,0
writer/validation/correct,libero_spatial,3,8,0
writer/validation/correct,libero_spatial,3,9,1
writer/validation/correct,libero_spatial,3,10,0
writer/validation/correct,libero_spatial,3,11,0
writer/validation/correct,libero_spatial,3,12,0
writer/validation/correct,libero_spatial,3,13,0
writer/validation/correct,libero_spatial,3,14,1
writer/validation/correct,libero_spatial,3,15,1
writer/validation/correct,libero_spatial,3,16,0
writer/validation/correct,libero_spatial,3,17,0
writer/validation/correct,libero_spatial,3,18,0
writer/validation/correct,libero_spatial,3,19,0
writer/validation/correct,libero_spatial,3,20,0
writer/validation/correct,libero_spatial,3,21,0
writer/validation/correct,libero_spatial,3,22,1
writer/validation/correct,libero_spatial,3,23,0
writer/validation/correct,libero_spatial,3,24,1
writer/validation/correct,libero_spatial,3,25,0
writer/validation/correct,libero_spatial,3,26,0
writer/validation/correct,libero_spatial,3,27,0
writer/validation/correct,libero_spatial,3,28,0
writer/validation/correct,libero_spatial,3,29,0
writer/validation/correct,libero_spatial,3,30,0
writer/validation/correct,libero_spatial,3,31,0
writer/validation/correct,libero_spatial,3,32,1
writer/validation/correct,libero_spatial,3,33,0
writer/validation/correct,libero_spatial,3,34,0
writer/validation/correct,libero_spatial,3,35,0
writer/validation/correct,libero_spatial,3,36,0
writer/validation/correct,libero_spatial,3,37,1
writer/validation/correct,libero_spatial,3,38,0
writer/validation/correct,libero_spatial,3,39,1
writer/validation/correct,libero_spatial,3,40,0
writer/validation/correct,libero_spatial,3,41,0
writer/validation/correct,libero_spatial,3,42,1
writer/validation/correct,libero_spatial,3,43,0
writer/validation/correct,libero_spatial,3,44,0
writer/validation/correct,libero_spatial,3,45,1
writer/validation/correct,libero_spatial,3,46,0
writer/validation/correct,libero_spatial,3,47,0
writer/validation/correct,libero_spatial,3,48,0
writer/validation/correct,libero_spatial,3,49,0
writer/validation/correct,libero_spatial,6,0,0
writer/validation/correct,libero_spatial,6,1,1
writer/validation/correct,libero_spatial,6,2,0
writer/validation/correct,libero_spatial,6,3,0
writer/validation/correct,libero_spatial,6,4,1
writer/validation/correct,libero_spatial,6,5,0
writer/validation/correct,libero_spatial,6,6,1
writer/validation/correct,libero_spatial,6,7,1
writer/validation/correct,libero_spatial,6,8,0
writer/validation/correct,libero_spatial,6,9,1
writer/validation/correct,libero_spatial,6,10,0
writer/validation/correct,libero_spatial,6,11,0
writer/validation/correct,libero_spatial,6,12,1
writer/validation/correct,libero_spatial,6,13,0
writer/validation/correct,libero_spatial,6,14,0
writer/validation/correct,libero_spatial,6,15,0
writer/validation/correct,libero_spatial,6,16,0
writer/validation/correct,libero_spatial,6,17,1
writer/validation/correct,libero_spatial,6,18,1
writer/validation/correct,libero_spatial,6,19,0
writer/validation/correct,libero_spatial,6,20,1
writer/validation/correct,libero_spatial,6,21,1
writer/validation/correct,libero_spatial,6,22,0
writer/validation/correct,libero_spatial,6,23,0
writer/validation/correct,libero_spatial,6,24,1
writer/validation/correct,libero_spatial,6,25,1
writer/validation/correct,libero_spatial,6,26,1
writer/validation/correct,libero_spatial,6,27,0
writer/validation/correct,libero_spatial,6,28,1
writer/validation/correct,libero_spatial,6,29,0
writer/validation/correct,libero_spatial,6,30,0
writer/validation/correct,libero_spatial,6,31,0
writer/validation/correct,libero_spatial,6,32,1
writer/validation/correct,libero_spatial,6,33,0
writer/validation/correct,libero_spatial,6,34,0
writer/validation/correct,libero_spatial,6,35,0
writer/validation/correct,libero_spatial,6,36,1
writer/validation/correct,libero_spatial,6,37,1
writer/validation/correct,libero_spatial,6,38,1
writer/validation/correct,libero_spatial,6,39,1
writer/validation/correct,libero_spatial,6,40,1
writer/validation/correct,libero_spatial,6,41,1
writer/validation/correct,libero_spatial,6,42,0
writer/validation/correct,libero_spatial,6,43,0
writer/validation/correct,libero_spatial,6,44,1
writer/validation/correct,libero_spatial,6,45,1
writer/validation/correct,libero_spatial,6,46,0
writer/validation/correct,libero_spatial,6,47,1
writer/validation/correct,libero_spatial,6,48,1
writer/validation/correct,libero_spatial,6,49,1
writer/validation/other,libero_10,1,0,0
writer/validation/other,libero_10,1,1,0
writer/validation/other,libero_10,1,2,0
writer/validation/other,libero_10,1,3,0
writer/validation/other,libero_10,1,4,0
writer/validation/other,libero_10,1,5,0
writer/validation/other,libero_10,1,6,1
writer/validation/other,libero_10,1,7,1
writer/validation/other,libero_10,1,8,0
writer/validation/other,libero_10,1,9,0
writer/validation/other,libero_10,1,10,0
writer/validation/other,libero_10,1,11,1
writer/validation/other,libero_10,1,12,1
writer/validation/other,libero_10,1,13,0
writer/validation/other,libero_10,1,14,0
writer/validation/other,libero_10,1,15,0
writer/validation/other,libero_10,1,16,1
writer/validation/other,libero_10,1,17,0
writer/validation/other,libero_10,1,18,1
writer/validation/other,libero_10,1,19,1
writer/validation/other,libero_10,1,20,0
writer/validation/other,libero_10,1,21,0
writer/validation/other,libero_10,1,22,1
writer/validation/other,libero_10,1,23,0
writer/validation/other,libero_10,1,24,1
writer/validation/other,libero_10,1,25,0
writer/validation/other,libero_10,1,26,1
writer/validation/other,libero_10,1,27,0
writer/validation/other,libero_10,1,28,0
writer/validation/other,libero_10,1,29,1
writer/validation/other,libero_10,1,30,0
writer/validation/other,libero_10,1,31,1
writer/validation/other,libero_10,1,32,0
writer/validation/other,libero_10,1,33,0
writer/validation/other,libero_10,1,34,1
writer/validation/other,libero_10,1,35,0
writer/validation/other,libero_10,1,36,1
writer/validation/other,libero_10,1,37,1
writer/validation/other,libero_10,1,38,1
writer/validation/other,libero_10,1,39,0
writer/validation/other,libero_10,1,40,0
writer/validation/other,libero_10,1,41,0
writer/validation/other,libero_10,1,42,0
writer/validation/other,libero_10,1,43,1
writer/validation/other,libero_10,1,44,0
writer/validation/other,libero_10,1,45,0
writer/validation/other,libero_10,1,46,1
writer/validation/other,libero_10,1,47,0
writer/validation/other,libero_10,1,48,1
writer/validation/other,libero_10,1,49,1
writer/validation/other,libero_10,9,0,0
writer/validation/other,libero_10,9,1,0
writer/validation/other,libero_10,9,2,0
writer/validation/other,libero_10,9,3,0
writer/validation/other,libero_10,9,4,0
writer/validation/other,libero_10,9,5,0
writer/validation/other,libero_10,9,6,0
writer/validation/other,libero_10,9,7,0
writer/validation/other,libero_10,9,8,0
writer/validation/other,libero_10,9,9,0
writer/validation/other,libero_10,9,10,0
writer/validation/other,libero_10,9,11,0
writer/validation/other,libero_10,9,12,0
writer/validation/other,libero_10,9,13,0
writer/validation/other,libero_10,9,14,0
writer/validation/other,libero_10,9,15,0
writer/validation/other,libero_10,9,16,0
writer/validation/other,libero_10,9,17,0
writer/validation/other,libero_10,9,18,0
writer/validation/other,libero_10,9,19,0
writer/validation/other,libero_10,9,20,0
writer/validation/other,libero_10,9,21,0
writer/validation/other,libero_10,9,22,0
writer/validation/other,libero_10,9,23,0
writer/validation/other,libero_10,9,24,0
writer/validation/other,libero_10,9,25,0
writer/validation/other,libero_10,9,26,0
writer/validation/other,libero_10,9,27,0
writer/validation/other,libero_10,9,28,0
writer/validation/other,libero_10,9,29,0
writer/validation/other,libero_10,9,30,0
writer/validation/other,libero_10,9,31,0
writer/validation/other,libero_10,9,32,0
writer/validation/other,libero_10,9,33,0
writer/validation/other,libero_10,9,34,0
writer/validation/other,libero_10,9,35,0
writer/validation/other,libero_10,9,36,0
writer/validation/other,libero_10,9,37,0
writer/validation/other,libero_10,9,38,0
writer/validation/other,libero_10,9,39,0
writer/validation/other,libero_10,9,40,0
writer/validation/other,libero_10,9,41,0
writer/validation/other,libero_10,9,42,0
writer/validation/other,libero_10,9,43,0
writer/validation/other,libero_10,9,44,0
writer/validation/other,libero_10,9,45,0
writer/validation/other,libero_10,9,46,0
writer/validation/other,libero_10,9,47,0
writer/validation/other,libero_10,9,48,0
writer/validation/other,libero_10,9,49,0
writer/validation/other,libero_goal,3,0,0
writer/validation/other,libero_goal,3,1,0
writer/validation/other,libero_goal,3,2,0
writer/validation/other,libero_goal,3,3,0
writer/validation/other,libero_goal,3,4,0
writer/validation/other,libero_goal,3,5,0
writer/validation/other,libero_goal,3,6,0
writer/validation/other,libero_goal,3,7,0
writer/validation/other,libero_goal,3,8,0
writer/validation/other,libero_goal,3,9,0
writer/validation/other,libero_goal,3,10,0
writer/validation/other,libero_goal,3,11,0
writer/validation/other,libero_goal,3,12,0
writer/validation/other,libero_goal,3,13,0
writer/validation/other,libero_goal,3,14,0
writer/validation/other,libero_goal,3,15,0
writer/validation/other,libero_goal,3,16,0
writer/validation/other,libero_goal,3,17,0
writer/validation/other,libero_goal,3,18,0
writer/validation/other,libero_goal,3,19,0
writer/validation/other,libero_goal,3,20,0
writer/validation/other,libero_goal,3,21,0
writer/validation/other,libero_goal,3,22,0
writer/validation/other,libero_goal,3,23,0
writer/validation/other,libero_goal,3,24,0
writer/validation/other,libero_goal,3,25,0
writer/validation/other,libero_goal,3,26,0
writer/validation/other,libero_goal,3,27,0
writer/validation/other,libero_goal,3,28,0
writer/validation/other,libero_goal,3,29,0
writer/validation/other,libero_goal,3,30,0
writer/validation/other,libero_goal,3,31,0
writer/validation/other,libero_goal,3,32,0
writer/validation/other,libero_goal,3,33,0
writer/validation/other,libero_goal,3,34,0
writer/validation/other,libero_goal,3,35,0
writer/validation/other,libero_goal,3,36,0
writer/validation/other,libero_goal,3,37,0
writer/validation/other,libero_goal,3,38,0
writer/validation/other,libero_goal,3,39,0
writer/validation/other,libero_goal,3,40,0
writer/validation/other,libero_goal,3,41,0
writer/validation/other,libero_goal,3,42,0
writer/validation/other,libero_goal,3,43,0
writer/validation/other,libero_goal,3,44,0
writer/validation/other,libero_goal,3,45,0
writer/validation/other,libero_goal,3,46,0
writer/validation/other,libero_goal,3,47,0
writer/validation/other,libero_goal,3,48,0
writer/validation/other,libero_goal,3,49,0
writer/validation/other,libero_goal,6,0,1
writer/validation/other,libero_goal,6,1,1
writer/validation/other,libero_goal,6,2,1
writer/validation/other,libero_goal,6,3,1
writer/validation/other,libero_goal,6,4,1
writer/validation/other,libero_goal,6,5,0
writer/validation/other,libero_goal,6,6,1
writer/validation/other,libero_goal,6,7,1
writer/validation/other,libero_goal,6,8,1
writer/validation/other,libero_goal,6,9,1
writer/validation/other,libero_goal,6,10,1
writer/validation/other,libero_goal,6,11,1
writer/validation/other,libero_goal,6,12,0
writer/validation/other,libero_goal,6,13,1
writer/validation/other,libero_goal,6,14,1
writer/validation/other,libero_goal,6,15,1
writer/validation/other,libero_goal,6,16,0
writer/validation/other,libero_goal,6,17,1
writer/validation/other,libero_goal,6,18,1
writer/validation/other,libero_goal,6,19,1
writer/validation/other,libero_goal,6,20,1
writer/validation/other,libero_goal,6,21,1
writer/validation/other,libero_goal,6,22,1
writer/validation/other,libero_goal,6,23,1
writer/validation/other,libero_goal,6,24,0
writer/validation/other,libero_goal,6,25,1
writer/validation/other,libero_goal,6,26,1
writer/validation/other,libero_goal,6,27,0
writer/validation/other,libero_goal,6,28,1
writer/validation/other,libero_goal,6,29,1
writer/validation/other,libero_goal,6,30,1
writer/validation/other,libero_goal,6,31,1
writer/validation/other,libero_goal,6,32,0
writer/validation/other,libero_goal,6,33,1
writer/validation/other,libero_goal,6,34,1
writer/validation/other,libero_goal,6,35,1
writer/validation/other,libero_goal,6,36,1
writer/validation/other,libero_goal,6,37,1
writer/validation/other,libero_goal,6,38,1
writer/validation/other,libero_goal,6,39,1
writer/validation/other,libero_goal,6,40,1
writer/validation/other,libero_goal,6,41,1
writer/validation/other,libero_goal,6,42,1
writer/validation/other,libero_goal,6,43,1
writer/validation/other,libero_goal,6,44,1
writer/validation/other,libero_goal,6,45,1
writer/validation/other,libero_goal,6,46,1
writer/validation/other,libero_goal,6,47,1
writer/validation/other,libero_goal,6,48,1
writer/validation/other,libero_goal,6,49,1
writer/validation/other,libero_object,1,0,0
writer/validation/other,libero_object,1,1,0
writer/validation/other,libero_object,1,2,0
writer/validation/other,libero_object,1,3,1
writer/validation/other,libero_object,1,4,0
writer/validation/other,libero_object,1,5,0
writer/validation/other,libero_object,1,6,1
writer/validation/other,libero_object,1,7,0
writer/validation/other,libero_object,1,8,1
writer/validation/other,libero_object,1,9,0
writer/validation/other,libero_object,1,10,1
writer/validation/other,libero_object,1,11,0
writer/validation/other,libero_object,1,12,0
writer/validation/other,libero_object,1,13,0
writer/validation/other,libero_object,1,14,0
writer/validation/other,libero_object,1,15,1
writer/validation/other,libero_object,1,16,1
writer/validation/other,libero_object,1,17,0
writer/validation/other,libero_object,1,18,0
writer/validation/other,libero_object,1,19,1
writer/validation/other,libero_object,1,20,0
writer/validation/other,libero_object,1,21,0
writer/validation/other,libero_object,1,22,0
writer/validation/other,libero_object,1,23,1
writer/validation/other,libero_object,1,24,1
writer/validation/other,libero_object,1,25,1
writer/validation/other,libero_object,1,26,1
writer/validation/other,libero_object,1,27,0
writer/validation/other,libero_object,1,28,0
writer/validation/other,libero_object,1,29,1
writer/validation/other,libero_object,1,30,1
writer/validation/other,libero_object,1,31,1
writer/validation/other,libero_object,1,32,0
writer/validation/other,libero_object,1,33,1
writer/validation/other,libero_object,1,34,0
writer/validation/other,libero_object,1,35,0
writer/validation/other,libero_object,1,36,1
writer/validation/other,libero_object,1,37,0
writer/validation/other,libero_object,1,38,0
writer/validation/other,libero_object,1,39,1
writer/validation/other,libero_object,1,40,1
writer/validation/other,libero_object,1,41,1
writer/validation/other,libero_object,1,42,0
writer/validation/other,libero_object,1,43,0
writer/validation/other,libero_object,1,44,1
writer/validation/other,libero_object,1,45,1
writer/validation/other,libero_object,1,46,1
writer/validation/other,libero_object,1,47,1
writer/validation/other,libero_object,1,48,0
writer/validation/other,libero_object,1,49,1
writer/validation/other,libero_object,6,0,0
writer/validation/other,libero_object,6,1,0
writer/validation/other,libero_object,6,2,0
writer/validation/other,libero_object,6,3,0
writer/validation/other,libero_object,6,4,0
writer/validation/other,libero_object,6,5,0
writer/validation/other,libero_object,6,6,0
writer/validation/other,libero_object,6,7,0
writer/validation/other,libero_object,6,8,0
writer/validation/other,libero_object,6,9,0
writer/validation/other,libero_object,6,10,0
writer/validation/other,libero_object,6,11,0
writer/validation/other,libero_object,6,12,0
writer/validation/other,libero_object,6,13,0
writer/validation/other,libero_object,6,14,0
writer/validation/other,libero_object,6,15,0
writer/validation/other,libero_object,6,16,0
writer/validation/other,libero_object,6,17,0
writer/validation/other,libero_object,6,18,0
writer/validation/other,libero_object,6,19,0
writer/validation/other,libero_object,6,20,1
writer/validation/other,libero_object,6,21,0
writer/validation/other,libero_object,6,22,0
writer/validation/other,libero_object,6,23,0
writer/validation/other,libero_object,6,24,1
writer/validation/other,libero_object,6,25,0
writer/validation/other,libero_object,6,26,0
writer/validation/other,libero_object,6,27,0
writer/validation/other,libero_object,6,28,0
writer/validation/other,libero_object,6,29,0
writer/validation/other,libero_object,6,30,0
writer/validation/other,libero_object,6,31,0
writer/validation/other,libero_object,6,32,0
writer/validation/other,libero_object,6,33,0
writer/validation/other,libero_object,6,34,0
writer/validation/other,libero_object,6,35,0
writer/validation/other,libero_object,6,36,0
writer/validation/other,libero_object,6,37,1
writer/validation/other,libero_object,6,38,0
writer/validation/other,libero_object,6,39,0
writer/validation/other,libero_object,6,40,0
writer/validation/other,libero_object,6,41,0
writer/validation/other,libero_object,6,42,0
writer/validation/other,libero_object,6,43,1
writer/validation/other,libero_object,6,44,0
writer/validation/other,libero_object,6,45,0
writer/validation/other,libero_object,6,46,0
writer/validation/other,libero_object,6,47,0
writer/validation/other,libero_object,6,48,0
writer/validation/other,libero_object,6,49,0
writer/validation/other,libero_spatial,3,0,0
writer/validation/other,libero_spatial,3,1,0
writer/validation/other,libero_spatial,3,2,0
writer/validation/other,libero_spatial,3,3,1
writer/validation/other,libero_spatial,3,4,0
writer/validation/other,libero_spatial,3,5,0
writer/validation/other,libero_spatial,3,6,0
writer/validation/other,libero_spatial,3,7,0
writer/validation/other,libero_spatial,3,8,0
writer/validation/other,libero_spatial,3,9,1
writer/validation/other,libero_spatial,3,10,0
writer/validation/other,libero_spatial,3,11,0
writer/validation/other,libero_spatial,3,12,0
writer/validation/other,libero_spatial,3,13,0
writer/validation/other,libero_spatial,3,14,1
writer/validation/other,libero_spatial,3,15,1
writer/validation/other,libero_spatial,3,16,0
writer/validation/other,libero_spatial,3,17,1
writer/validation/other,libero_spatial,3,18,0
writer/validation/other,libero_spatial,3,19,0
writer/validation/other,libero_spatial,3,20,0
writer/validation/other,libero_spatial,3,21,0
writer/validation/other,libero_spatial,3,22,1
writer/validation/other,libero_spatial,3,23,0
writer/validation/other,libero_spatial,3,24,1
writer/validation/other,libero_spatial,3,25,0
writer/validation/other,libero_spatial,3,26,0
writer/validation/other,libero_spatial,3,27,0
writer/validation/other,libero_spatial,3,28,0
writer/validation/other,libero_spatial,3,29,0
writer/validation/other,libero_spatial,3,30,0
writer/validation/other,libero_spatial,3,31,0
writer/validation/other,libero_spatial,3,32,1
writer/validation/other,libero_spatial,3,33,0
writer/validation/other,libero_spatial,3,34,1
writer/validation/other,libero_spatial,3,35,1
writer/validation/other,libero_spatial,3,36,0
writer/validation/other,libero_spatial,3,37,1
writer/validation/other,libero_spatial,3,38,0
writer/validation/other,libero_spatial,3,39,0
writer/validation/other,libero_spatial,3,40,0
writer/validation/other,libero_spatial,3,41,0
writer/validation/other,libero_spatial,3,42,1
writer/validation/other,libero_spatial,3,43,0
writer/validation/other,libero_spatial,3,44,0
writer/validation/other,libero_spatial,3,45,1
writer/validation/other,libero_spatial,3,46,0
writer/validation/other,libero_spatial,3,47,1
writer/validation/other,libero_spatial,3,48,1
writer/validation/other,libero_spatial,3,49,0
writer/validation/other,libero_spatial,6,0,0
writer/validation/other,libero_spatial,6,1,0
writer/validation/other,libero_spatial,6,2,1
writer/validation/other,libero_spatial,6,3,0
writer/validation/other,libero_spatial,6,4,0
writer/validation/other,libero_spatial,6,5,0
writer/validation/other,libero_spatial,6,6,1
writer/validation/other,libero_spatial,6,7,1
writer/validation/other,libero_spatial,6,8,0
writer/validation/other,libero_spatial,6,9,1
writer/validation/other,libero_spatial,6,10,0
writer/validation/other,libero_spatial,6,11,0
writer/validation/other,libero_spatial,6,12,1
writer/validation/other,libero_spatial,6,13,0
writer/validation/other,libero_spatial,6,14,0
writer/validation/other,libero_spatial,6,15,0
writer/validation/other,libero_spatial,6,16,1
writer/validation/other,libero_spatial,6,17,1
writer/validation/other,libero_spatial,6,18,1
writer/validation/other,libero_spatial,6,19,0
writer/validation/other,libero_spatial,6,20,1
writer/validation/other,libero_spatial,6,21,0
writer/validation/other,libero_spatial,6,22,0
writer/validation/other,libero_spatial,6,23,0
writer/validation/other,libero_spatial,6,24,1
writer/validation/other,libero_spatial,6,25,1
writer/validation/other,libero_spatial,6,26,1
writer/validation/other,libero_spatial,6,27,0
writer/validation/other,libero_spatial,6,28,1
writer/validation/other,libero_spatial,6,29,0
writer/validation/other,libero_spatial,6,30,0
writer/validation/other,libero_spatial,6,31,0
writer/validation/other,libero_spatial,6,32,1
writer/validation/other,libero_spatial,6,33,0
writer/validation/other,libero_spatial,6,34,0
writer/validation/other,libero_spatial,6,35,0
writer/validation/other,libero_spatial,6,36,1
writer/validation/other,libero_spatial,6,37,1
writer/validation/other,libero_spatial,6,38,1
writer/validation/other,libero_spatial,6,39,1
writer/validation/other,libero_spatial,6,40,1
writer/validation/other,libero_spatial,6,41,1
writer/validation/other,libero_spatial,6,42,0
writer/validation/other,libero_spatial,6,43,0
writer/validation/other,libero_spatial,6,44,1
writer/validation/other,libero_spatial,6,45,1
writer/validation/other,libero_spatial,6,46,0
writer/validation/other,libero_spatial,6,47,1
writer/validation/other,libero_spatial,6,48,1
writer/validation/other,libero_spatial,6,49,1
writer/validation/wrong,libero_10,1,0,0
writer/validation/wrong,libero_10,1,1,0
writer/validation/wrong,libero_10,1,2,0
writer/validation/wrong,libero_10,1,3,1
writer/validation/wrong,libero_10,1,4,0
writer/validation/wrong,libero_10,1,5,0
writer/validation/wrong,libero_10,1,6,0
writer/validation/wrong,libero_10,1,7,0
writer/validation/wrong,libero_10,1,8,1
writer/validation/wrong,libero_10,1,9,0
writer/validation/wrong,libero_10,1,10,1
writer/validation/wrong,libero_10,1,11,1
writer/validation/wrong,libero_10,1,12,0
writer/validation/wrong,libero_10,1,13,1
writer/validation/wrong,libero_10,1,14,0
writer/validation/wrong,libero_10,1,15,0
writer/validation/wrong,libero_10,1,16,0
writer/validation/wrong,libero_10,1,17,0
writer/validation/wrong,libero_10,1,18,0
writer/validation/wrong,libero_10,1,19,0
writer/validation/wrong,libero_10,1,20,1
writer/validation/wrong,libero_10,1,21,0
writer/validation/wrong,libero_10,1,22,0
writer/validation/wrong,libero_10,1,23,1
writer/validation/wrong,libero_10,1,24,0
writer/validation/wrong,libero_10,1,25,0
writer/validation/wrong,libero_10,1,26,1
writer/validation/wrong,libero_10,1,27,1
writer/validation/wrong,libero_10,1,28,0
writer/validation/wrong,libero_10,1,29,1
writer/validation/wrong,libero_10,1,30,1
writer/validation/wrong,libero_10,1,31,0
writer/validation/wrong,libero_10,1,32,0
writer/validation/wrong,libero_10,1,33,0
writer/validation/wrong,libero_10,1,34,1
writer/validation/wrong,libero_10,1,35,0
writer/validation/wrong,libero_10,1,36,0
writer/validation/wrong,libero_10,1,37,1
writer/validation/wrong,libero_10,1,38,0
writer/validation/wrong,libero_10,1,39,0
writer/validation/wrong,libero_10,1,40,0
writer/validation/wrong,libero_10,1,41,0
writer/validation/wrong,libero_10,1,42,0
writer/validation/wrong,libero_10,1,43,1
writer/validation/wrong,libero_10,1,44,0
writer/validation/wrong,libero_10,1,45,0
writer/validation/wrong,libero_10,1,46,1
writer/validation/wrong,libero_10,1,47,0
writer/validation/wrong,libero_10,1,48,1
writer/validation/wrong,libero_10,1,49,0
writer/validation/wrong,libero_10,9,0,0
writer/validation/wrong,libero_10,9,1,0
writer/validation/wrong,libero_10,9,2,0
writer/validation/wrong,libero_10,9,3,0
writer/validation/wrong,libero_10,9,4,0
writer/validation/wrong,libero_10,9,5,0
writer/validation/wrong,libero_10,9,6,0
writer/validation/wrong,libero_10,9,7,0
writer/validation/wrong,libero_10,9,8,0
writer/validation/wrong,libero_10,9,9,0
writer/validation/wrong,libero_10,9,10,0
writer/validation/wrong,libero_10,9,11,0
writer/validation/wrong,libero_10,9,12,0
writer/validation/wrong,libero_10,9,13,0
writer/validation/wrong,libero_10,9,14,0
writer/validation/wrong,libero_10,9,15,0
writer/validation/wrong,libero_10,9,16,0
writer/validation/wrong,libero_10,9,17,0
writer/validation/wrong,libero_10,9,18,0
writer/validation/wrong,libero_10,9,19,0
writer/validation/wrong,libero_10,9,20,0
writer/validation/wrong,libero_10,9,21,0
writer/validation/wrong,libero_10,9,22,0
writer/validation/wrong,libero_10,9,23,0
writer/validation/wrong,libero_10,9,24,0
writer/validation/wrong,libero_10,9,25,0
writer/validation/wrong,libero_10,9,26,0
writer/validation/wrong,libero_10,9,27,0
writer/validation/wrong,libero_10,9,28,0
writer/validation/wrong,libero_10,9,29,0
writer/validation/wrong,libero_10,9,30,0
writer/validation/wrong,libero_10,9,31,0
writer/validation/wrong,libero_10,9,32,0
writer/validation/wrong,libero_10,9,33,0
writer/validation/wrong,libero_10,9,34,0
writer/validation/wrong,libero_10,9,35,0
writer/validation/wrong,libero_10,9,36,0
writer/validation/wrong,libero_10,9,37,0
writer/validation/wrong,libero_10,9,38,0
writer/validation/wrong,libero_10,9,39,0
writer/validation/wrong,libero_10,9,40,0
writer/validation/wrong,libero_10,9,41,0
writer/validation/wrong,libero_10,9,42,0
writer/validation/wrong,libero_10,9,43,0
writer/validation/wrong,libero_10,9,44,0
writer/validation/wrong,libero_10,9,45,0
writer/validation/wrong,libero_10,9,46,0
writer/validation/wrong,libero_10,9,47,0
writer/validation/wrong,libero_10,9,48,0
writer/validation/wrong,libero_10,9,49,0
writer/validation/wrong,libero_goal,3,0,0
writer/validation/wrong,libero_goal,3,1,0
writer/validation/wrong,libero_goal,3,2,0
writer/validation/wrong,libero_goal,3,3,0
writer/validation/wrong,libero_goal,3,4,0
writer/validation/wrong,libero_goal,3,5,0
writer/validation/wrong,libero_goal,3,6,0
writer/validation/wrong,libero_goal,3,7,0
writer/validation/wrong,libero_goal,3,8,0
writer/validation/wrong,libero_goal,3,9,0
writer/validation/wrong,libero_goal,3,10,0
writer/validation/wrong,libero_goal,3,11,0
writer/validation/wrong,libero_goal,3,12,0
writer/validation/wrong,libero_goal,3,13,0
writer/validation/wrong,libero_goal,3,14,0
writer/validation/wrong,libero_goal,3,15,0
writer/validation/wrong,libero_goal,3,16,0
writer/validation/wrong,libero_goal,3,17,0
writer/validation/wrong,libero_goal,3,18,0
writer/validation/wrong,libero_goal,3,19,0
writer/validation/wrong,libero_goal,3,20,0
writer/validation/wrong,libero_goal,3,21,0
writer/validation/wrong,libero_goal,3,22,0
writer/validation/wrong,libero_goal,3,23,0
writer/validation/wrong,libero_goal,3,24,0
writer/validation/wrong,libero_goal,3,25,0
writer/validation/wrong,libero_goal,3,26,0
writer/validation/wrong,libero_goal,3,27,0
writer/validation/wrong,libero_goal,3,28,0
writer/validation/wrong,libero_goal,3,29,0
writer/validation/wrong,libero_goal,3,30,0
writer/validation/wrong,libero_goal,3,31,0
writer/validation/wrong,libero_goal,3,32,0
writer/validation/wrong,libero_goal,3,33,0
writer/validation/wrong,libero_goal,3,34,0
writer/validation/wrong,libero_goal,3,35,0
writer/validation/wrong,libero_goal,3,36,0
writer/validation/wrong,libero_goal,3,37,0
writer/validation/wrong,libero_goal,3,38,0
writer/validation/wrong,libero_goal,3,39,0
writer/validation/wrong,libero_goal,3,40,0
writer/validation/wrong,libero_goal,3,41,0
writer/validation/wrong,libero_goal,3,42,0
writer/validation/wrong,libero_goal,3,43,0
writer/validation/wrong,libero_goal,3,44,0
writer/validation/wrong,libero_goal,3,45,0
writer/validation/wrong,libero_goal,3,46,0
writer/validation/wrong,libero_goal,3,47,0
writer/validation/wrong,libero_goal,3,48,0
writer/validation/wrong,libero_goal,3,49,0
writer/validation/wrong,libero_goal,6,0,1
writer/validation/wrong,libero_goal,6,1,1
writer/validation/wrong,libero_goal,6,2,1
writer/validation/wrong,libero_goal,6,3,1
writer/validation/wrong,libero_goal,6,4,1
writer/validation/wrong,libero_goal,6,5,0
writer/validation/wrong,libero_goal,6,6,1
writer/validation/wrong,libero_goal,6,7,1
writer/validation/wrong,libero_goal,6,8,1
writer/validation/wrong,libero_goal,6,9,1
writer/validation/wrong,libero_goal,6,10,0
writer/validation/wrong,libero_goal,6,11,1
writer/validation/wrong,libero_goal,6,12,1
writer/validation/wrong,libero_goal,6,13,1
writer/validation/wrong,libero_goal,6,14,1
writer/validation/wrong,libero_goal,6,15,1
writer/validation/wrong,libero_goal,6,16,1
writer/validation/wrong,libero_goal,6,17,1
writer/validation/wrong,libero_goal,6,18,1
writer/validation/wrong,libero_goal,6,19,0
writer/validation/wrong,libero_goal,6,20,1
writer/validation/wrong,libero_goal,6,21,1
writer/validation/wrong,libero_goal,6,22,1
writer/validation/wrong,libero_goal,6,23,1
writer/validation/wrong,libero_goal,6,24,1
writer/validation/wrong,libero_goal,6,25,1
writer/validation/wrong,libero_goal,6,26,1
writer/validation/wrong,libero_goal,6,27,1
writer/validation/wrong,libero_goal,6,28,1
writer/validation/wrong,libero_goal,6,29,1
writer/validation/wrong,libero_goal,6,30,1
writer/validation/wrong,libero_goal,6,31,1
writer/validation/wrong,libero_goal,6,32,1
writer/validation/wrong,libero_goal,6,33,1
writer/validation/wrong,libero_goal,6,34,1
writer/validation/wrong,libero_goal,6,35,1
writer/validation/wrong,libero_goal,6,36,1
writer/validation/wrong,libero_goal,6,37,1
writer/validation/wrong,libero_goal,6,38,1
writer/validation/wrong,libero_goal,6,39,1
writer/validation/wrong,libero_goal,6,40,1
writer/validation/wrong,libero_goal,6,41,1
writer/validation/wrong,libero_goal,6,42,1
writer/validation/wrong,libero_goal,6,43,1
writer/validation/wrong,libero_goal,6,44,1
writer/validation/wrong,libero_goal,6,45,1
writer/validation/wrong,libero_goal,6,46,1
writer/validation/wrong,libero_goal,6,47,1
writer/validation/wrong,libero_goal,6,48,0
writer/validation/wrong,libero_goal,6,49,1
writer/validation/wrong,libero_object,1,0,0
writer/validation/wrong,libero_object,1,1,0
writer/validation/wrong,libero_object,1,2,0
writer/validation/wrong,libero_object,1,3,1
writer/validation/wrong,libero_object,1,4,0
writer/validation/wrong,libero_object,1,5,0
writer/validation/wrong,libero_object,1,6,1
writer/validation/wrong,libero_object,1,7,0
writer/validation/wrong,libero_object,1,8,1
writer/validation/wrong,libero_object,1,9,0
writer/validation/wrong,libero_object,1,10,0
writer/validation/wrong,libero_object,1,11,0
writer/validation/wrong,libero_object,1,12,0
writer/validation/wrong,libero_object,1,13,1
writer/validation/wrong,libero_object,1,14,0
writer/validation/wrong,libero_object,1,15,1
writer/validation/wrong,libero_object,1,16,1
writer/validation/wrong,libero_object,1,17,0
writer/validation/wrong,libero_object,1,18,0
writer/validation/wrong,libero_object,1,19,0
writer/validation/wrong,libero_object,1,20,0
writer/validation/wrong,libero_object,1,21,0
writer/validation/wrong,libero_object,1,22,0
writer/validation/wrong,libero_object,1,23,1
writer/validation/wrong,libero_object,1,24,1
writer/validation/wrong,libero_object,1,25,1
writer/validation/wrong,libero_object,1,26,1
writer/validation/wrong,libero_object,1,27,0
writer/validation/wrong,libero_object,1,28,1
writer/validation/wrong,libero_object,1,29,0
writer/validation/wrong,libero_object,1,30,0
writer/validation/wrong,libero_object,1,31,0
writer/validation/wrong,libero_object,1,32,1
writer/validation/wrong,libero_object,1,33,1
writer/validation/wrong,libero_object,1,34,0
writer/validation/wrong,libero_object,1,35,0
writer/validation/wrong,libero_object,1,36,1
writer/validation/wrong,libero_object,1,37,1
writer/validation/wrong,libero_object,1,38,0
writer/validation/wrong,libero_object,1,39,1
writer/validation/wrong,libero_object,1,40,1
writer/validation/wrong,libero_object,1,41,1
writer/validation/wrong,libero_object,1,42,0
writer/validation/wrong,libero_object,1,43,1
writer/validation/wrong,libero_object,1,44,1
writer/validation/wrong,libero_object,1,45,1
writer/validation/wrong,libero_object,1,46,1
writer/validation/wrong,libero_object,1,47,1
writer/validation/wrong,libero_object,1,48,0
writer/validation/wrong,libero_object,1,49,0
writer/validation/wrong,libero_object,6,0,0
writer/validation/wrong,libero_object,6,1,0
writer/validation/wrong,libero_object,6,2,0
writer/validation/wrong,libero_object,6,3,0
writer/validation/wrong,libero_object,6,4,0
writer/validation/wrong,libero_object,6,5,0
writer/validation/wrong,libero_object,6,6,0
writer/validation/wrong,libero_object,6,7,0
writer/validation/wrong,libero_object,6,8,0
writer/validation/wrong,libero_object,6,9,0
writer/validation/wrong,libero_object,6,10,0
writer/validation/wrong,libero_object,6,11,0
writer/validation/wrong,libero_object,6,12,0
writer/validation/wrong,libero_object,6,13,0
writer/validation/wrong,libero_object,6,14,0
writer/validation/wrong,libero_object,6,15,0
writer/validation/wrong,libero_object,6,16,0
writer/validation/wrong,libero_object,6,17,0
writer/validation/wrong,libero_object,6,18,0
writer/validation/wrong,libero_object,6,19,0
writer/validation/wrong,libero_object,6,20,0
writer/validation/wrong,libero_object,6,21,0
writer/validation/wrong,libero_object,6,22,0
writer/validation/wrong,libero_object,6,23,0
writer/validation/wrong,libero_object,6,24,0
writer/validation/wrong,libero_object,6,25,0
writer/validation/wrong,libero_object,6,26,0
writer/validation/wrong,libero_object,6,27,0
writer/validation/wrong,libero_object,6,28,0
writer/validation/wrong,libero_object,6,29,0
writer/validation/wrong,libero_object,6,30,0
writer/validation/wrong,libero_object,6,31,0
writer/validation/wrong,libero_object,6,32,0
writer/validation/wrong,libero_object,6,33,0
writer/validation/wrong,libero_object,6,34,0
writer/validation/wrong,libero_object,6,35,0
writer/validation/wrong,libero_object,6,36,0
writer/validation/wrong,libero_object,6,37,0
writer/validation/wrong,libero_object,6,38,0
writer/validation/wrong,libero_object,6,39,0
writer/validation/wrong,libero_object,6,40,0
writer/validation/wrong,libero_object,6,41,0
writer/validation/wrong,libero_object,6,42,0
writer/validation/wrong,libero_object,6,43,0
writer/validation/wrong,libero_object,6,44,0
writer/validation/wrong,libero_object,6,45,0
writer/validation/wrong,libero_object,6,46,0
writer/validation/wrong,libero_object,6,47,0
writer/validation/wrong,libero_object,6,48,0
writer/validation/wrong,libero_object,6,49,0
writer/validation/wrong,libero_spatial,3,0,0
writer/validation/wrong,libero_spatial,3,1,0
writer/validation/wrong,libero_spatial,3,2,0
writer/validation/wrong,libero_spatial,3,3,0
writer/validation/wrong,libero_spatial,3,4,0
writer/validation/wrong,libero_spatial,3,5,0
writer/validation/wrong,libero_spatial,3,6,0
writer/validation/wrong,libero_spatial,3,7,0
writer/validation/wrong,libero_spatial,3,8,0
writer/validation/wrong,libero_spatial,3,9,0
writer/validation/wrong,libero_spatial,3,10,0
writer/validation/wrong,libero_spatial,3,11,0
writer/validation/wrong,libero_spatial,3,12,0
writer/validation/wrong,libero_spatial,3,13,0
writer/validation/wrong,libero_spatial,3,14,0
writer/validation/wrong,libero_spatial,3,15,1
writer/validation/wrong,libero_spatial,3,16,0
writer/validation/wrong,libero_spatial,3,17,0
writer/validation/wrong,libero_spatial,3,18,0
writer/validation/wrong,libero_spatial,3,19,0
writer/validation/wrong,libero_spatial,3,20,0
writer/validation/wrong,libero_spatial,3,21,0
writer/validation/wrong,libero_spatial,3,22,0
writer/validation/wrong,libero_spatial,3,23,0
writer/validation/wrong,libero_spatial,3,24,0
writer/validation/wrong,libero_spatial,3,25,0
writer/validation/wrong,libero_spatial,3,26,0
writer/validation/wrong,libero_spatial,3,27,0
writer/validation/wrong,libero_spatial,3,28,0
writer/validation/wrong,libero_spatial,3,29,0
writer/validation/wrong,libero_spatial,3,30,0
writer/validation/wrong,libero_spatial,3,31,0
writer/validation/wrong,libero_spatial,3,32,1
writer/validation/wrong,libero_spatial,3,33,0
writer/validation/wrong,libero_spatial,3,34,0
writer/validation/wrong,libero_spatial,3,35,0
writer/validation/wrong,libero_spatial,3,36,0
writer/validation/wrong,libero_spatial,3,37,0
writer/validation/wrong,libero_spatial,3,38,0
writer/validation/wrong,libero_spatial,3,39,0
writer/validation/wrong,libero_spatial,3,40,0
writer/validation/wrong,libero_spatial,3,41,0
writer/validation/wrong,libero_spatial,3,42,0
writer/validation/wrong,libero_spatial,3,43,0
writer/validation/wrong,libero_spatial,3,44,0
writer/validation/wrong,libero_spatial,3,45,0
writer/validation/wrong,libero_spatial,3,46,0
writer/validation/wrong,libero_spatial,3,47,0
writer/validation/wrong,libero_spatial,3,48,0
writer/validation/wrong,libero_spatial,3,49,0
writer/validation/wrong,libero_spatial,6,0,0
writer/validation/wrong,libero_spatial,6,1,0
writer/validation/wrong,libero_spatial,6,2,0
writer/validation/wrong,libero_spatial,6,3,0
writer/validation/wrong,libero_spatial,6,4,0
writer/validation/wrong,libero_spatial,6,5,0
writer/validation/wrong,libero_spatial,6,6,1
writer/validation/wrong,libero_spatial,6,7,1
writer/validation/wrong,libero_spatial,6,8,0
writer/validation/wrong,libero_spatial,6,9,1
writer/validation/wrong,libero_spatial,6,10,0
writer/validation/wrong,libero_spatial,6,11,0
writer/validation/wrong,libero_spatial,6,12,0
writer/validation/wrong,libero_spatial,6,13,0
writer/validation/wrong,libero_spatial,6,14,0
writer/validation/wrong,libero_spatial,6,15,0
writer/validation/wrong,libero_spatial,6,16,0
writer/validation/wrong,libero_spatial,6,17,0
writer/validation/wrong,libero_spatial,6,18,1
writer/validation/wrong,libero_spatial,6,19,0
writer/validation/wrong,libero_spatial,6,20,1
writer/validation/wrong,libero_spatial,6,21,0
writer/validation/wrong,libero_spatial,6,22,0
writer/validation/wrong,libero_spatial,6,23,0
writer/validation/wrong,libero_spatial,6,24,0
writer/validation/wrong,libero_spatial,6,25,1
writer/validation/wrong,libero_spatial,6,26,1
writer/validation/wrong,libero_spatial,6,27,0
writer/validation/wrong,libero_spatial,6,28,0
writer/validation/wrong,libero_spatial,6,29,1
writer/validation/wrong,libero_spatial,6,30,0
writer/validation/wrong,libero_spatial,6,31,0
writer/validation/wrong,libero_spatial,6,32,1
writer/validation/wrong,libero_spatial,6,33,0
writer/validation/wrong,libero_spatial,6,34,0
writer/validation/wrong,libero_spatial,6,35,0
writer/validation/wrong,libero_spatial,6,36,1
writer/validation/wrong,libero_spatial,6,37,1
writer/validation/wrong,libero_spatial,6,38,0
writer/validation/wrong,libero_spatial,6,39,1
writer/validation/wrong,libero_spatial,6,40,1
writer/validation/wrong,libero_spatial,6,41,1
writer/validation/wrong,libero_spatial,6,42,0
writer/validation/wrong,libero_spatial,6,43,0
writer/validation/wrong,libero_spatial,6,44,0
writer/validation/wrong,libero_spatial,6,45,1
writer/validation/wrong,libero_spatial,6,46,0
writer/validation/wrong,libero_spatial,6,47,1
writer/validation/wrong,libero_spatial,6,48,1
writer/validation/wrong,libero_spatial,6,49,1
