global_task_id,init_state_id,teacher_demo,arm,family,layer,original_delta_norm,projected_delta_norm,candidate_delta_norm,candidate_to_original_norm_ratio,rho,alpha,b_projection_relative_l2,finite
31,0,0,SELF,q_b,0,32.56375944395314,32.563756326104574,32.563756326104574,0.9999999042540353,0.0004375978993420182,0.9999999042540353,0.0015609651362767359,True
31,0,0,SELF,q_b,1,29.930073457570877,29.930070479350572,29.930070479350572,0.999999900494053,0.00044610748251049743,0.999999900494053,0.0015669350107121733,True
31,0,0,SELF,q_b,2,29.714169042354555,29.71416589367369,29.71416589367369,0.9999998940343625,0.00046035993015959055,0.9999998940343625,0.0015549557944356158,True
31,0,0,SELF,q_b,3,32.062990240881845,32.062986981088244,32.062986981088244,0.9999998983315787,0.00045092885712092303,0.9999998983315787,0.0015617134293253443,True
31,0,0,SELF,q_b,4,31.64713973248647,31.647136637701777,31.647136637701777,0.9999999022096556,0.0004422450464879057,0.9999999022096556,0.001567348783113554,True
31,0,0,SELF,q_b,5,30.789455374499465,30.789452285271203,30.789452285271203,0.999999899666031,0.00044795974053988093,0.999999899666031,0.0015714473811927969,True
31,0,0,SELF,q_b,6,31.980807062114387,31.980803847186458,31.980803847186458,0.9999998994732083,0.00044838998049360796,0.9999998994732083,0.001569830659418787,True
31,0,0,SELF,q_b,7,32.130967146637914,32.130963863251246,32.130963863251246,0.9999998978123922,0.0004520787614191837,0.9999998978123922,0.001561974894848014,True
31,0,0,SELF,q_b,8,33.27046652982146,33.270462968886584,33.270462968886584,0.9999998929700948,0.00046266597026401823,0.9999998929700948,0.001567591810565416,True
31,0,0,SELF,q_b,9,32.953553361324275,32.95355013588408,32.95355013588408,0.9999999021216267,0.0004424440505521149,0.9999999021216267,0.001556693650969047,True
31,0,0,SELF,q_b,10,33.439253829956506,33.43925043817018,33.43925043817018,0.9999998985687196,0.00045040265419193156,0.9999998985687196,0.0015502323889516035,True
31,0,0,SELF,q_b,11,29.059450909552076,29.059447599304242,29.059447599304242,0.999999886087048,0.00047731110619964653,0.999999886087048,0.0015636078079427254,True
31,0,0,SELF,q_b,12,34.05379657502026,34.053793404407315,34.053793404407315,0.9999999068939953,0.0004315228862059566,0.9999999068939953,0.001553410266507569,True
31,0,0,SELF,q_b,13,33.91855022510922,33.91854680810317,33.91854680810317,0.9999998992584875,0.0004488685949063148,0.9999998992584875,0.0015672845707797353,True
31,0,0,SELF,q_b,14,34.500204053978706,34.50020090998946,34.50020090998946,0.9999999088704159,0.00042691821287621273,0.9999999088704159,0.0015609790639881183,True
31,0,0,SELF,q_b,15,30.24353776859819,30.243534837063468,30.243534837063468,0.9999999030690541,0.00044029749486894685,0.9999999030690541,0.0015608441647674213,True
31,0,0,SELF,q_b,16,32.030326941419354,32.030323804179076,32.030323804179076,0.9999999020540663,0.00044259672276560297,0.9999999020540663,0.0015621659642337,True
31,0,0,SELF,q_b,17,31.84777941358485,31.84777644914709,31.84777644914709,0.9999999069185415,0.000431466000512941,0.9999999069185415,0.0015346637954901244,True
31,0,0,SELF,v_b,0,15.394937851992742,15.39493759222119,15.39493759222119,0.9999999831261708,0.0001837053507062477,0.9999999831261708,0.0006463570638247291,True
31,0,0,SELF,v_b,1,14.76757206154702,14.767571841177299,14.767571841177299,0.9999999850774576,0.00017275729246272873,0.9999999850774576,0.0006704276069398849,True
31,0,0,SELF,v_b,2,14.46381815856164,14.463817987718887,14.463817987718887,0.9999999881882673,0.00015369926186016228,0.9999999881882673,0.0006350890158047414,True
31,0,0,SELF,v_b,3,15.093995098592481,15.093994918392196,15.093994918392196,0.9999999880614586,0.00015452210228909523,0.9999999880614586,0.0006951601808630766,True
31,0,0,SELF,v_b,4,16.052363089261668,16.052362846881945,16.052362846881945,0.9999999849006828,0.00017377753576906262,0.9999999849006828,0.0006370316121571023,True
31,0,0,SELF,v_b,5,14.90661463876152,14.906614422027888,14.906614422027888,0.9999999854605732,0.00017052521969013,0.9999999854605732,0.0006485273734832498,True
31,0,0,SELF,v_b,6,15.45336767599881,15.453367437391353,15.453367437391353,0.9999999845595172,0.00017572980081653977,0.9999999845595172,0.0006586561531663126,True
31,0,0,SELF,v_b,7,14.990586609149874,14.990586296481194,14.990586296481194,0.9999999791423319,0.0002042433192810111,0.9999999791423319,0.0006812714171336134,True
31,0,0,SELF,v_b,8,15.608874284882367,15.60887402219718,15.60887402219718,0.9999999831707794,0.00018346236277991173,0.9999999831707794,0.0006418375956980548,True
31,0,0,SELF,v_b,9,15.258661271285124,15.25866109365887,15.25866109365887,0.9999999883589883,0.00015258447171933491,0.9999999883589883,0.000666772250155465,True
31,0,0,SELF,v_b,10,15.455911773305976,15.45591146723608,15.45591146723608,0.999999980197228,0.00019901141081121398,0.999999980197228,0.0006671929897926931,True
31,0,0,SELF,v_b,11,14.124835518505302,14.124835104189708,14.124835104189708,0.9999999706675811,0.00024220824678516733,0.9999999706675811,0.0006609800251781817,True
31,0,0,SELF,v_b,12,15.415130781957497,15.41513057124567,15.41513057124567,0.9999999863308441,0.00016534300509770747,0.9999999863308441,0.0006193265690525371,True
31,0,0,SELF,v_b,13,15.574468928071834,15.574468634892874,15.574468634892874,0.9999999811756689,0.00019403262499961574,0.9999999811756689,0.0006506034741500252,True
31,0,0,SELF,v_b,14,15.576424792855464,15.576424534239067,15.576424534239067,0.9999999833969347,0.0001822254870327685,0.9999999833969347,0.0006204632126312133,True
31,0,0,SELF,v_b,15,14.748331679051883,14.748331515857469,14.748331515857469,0.9999999889347203,0.00014876342681897702,0.9999999889347203,0.0006455868078199856,True
31,0,0,SELF,v_b,16,15.060610337519691,15.06061010617899,15.06061010617899,0.9999999846393541,0.00017527489544873513,0.9999999846393541,0.0006701549354606884,True
31,0,0,SELF,v_b,17,14.855473793566217,14.855473548393812,14.855473548393812,0.9999999834961572,0.00018168016691062113,0.9999999834961572,0.0006441060338040447,True
31,1,1,SELF,q_b,0,31.873082977488558,31.873080087702604,31.873080087702604,0.9999999093345957,0.00042582954498385505,0.9999999093345957,0.0015388996458012138,True
31,1,1,SELF,q_b,1,28.681706840060883,28.681703667589826,28.681703667589826,0.999999889390437,0.00047033936183399393,0.999999889390437,0.0015550934730519607,True
31,1,1,SELF,q_b,2,28.523950708461676,28.523947733249464,28.523947733249464,0.9999998956942451,0.00045674007922041817,0.9999998956942451,0.001548818220950252,True
31,1,1,SELF,q_b,3,31.20526965127699,31.20526659226792,31.20526659226792,0.9999999019713945,0.00044278347127538713,0.9999999019713945,0.001551814053382593,True
31,1,1,SELF,q_b,4,29.994141141932708,29.994137980621876,29.994137980621876,0.9999998946023886,0.0004591243989146963,0.9999998946023886,0.0015605750708350195,True
31,1,1,SELF,q_b,5,28.986378133226303,28.98637542336883,28.98637542336883,0.9999999065127261,0.0004324055280927328,0.9999999065127261,0.0015714761304503463,True
31,1,1,SELF,q_b,6,30.44114701328104,30.44114375471499,30.44114375471499,0.9999998929552146,0.00046269813121237456,0.9999998929552146,0.001571201782124664,True
31,1,1,SELF,q_b,7,31.365748108438165,31.365744922621793,31.365744922621793,0.999999898430085,0.0004507103515513951,0.999999898430085,0.0015652474849760073,True
31,1,1,SELF,q_b,8,32.445408926987746,32.44540585846669,32.44540585846669,0.9999999054251077,0.0004349135277115889,0.9999999054251077,0.0015586134541165752,True
31,1,1,SELF,q_b,9,32.53399360260183,32.533990404168996,32.533990404168996,0.9999999016895105,0.0004434196322632595,0.9999999016895105,0.0015445922848200686,True
31,1,1,SELF,q_b,10,32.30861671390673,32.30861351832079,32.30861351832079,0.9999999010918367,0.00044476546387766096,0.9999999010918367,0.0015585303718151481,True
31,1,1,SELF,q_b,11,28.78629723897578,28.78629373668233,28.78629373668233,0.9999998783347014,0.0004932854993953626,0.9999998783347014,0.0015751054462532516,True
31,1,1,SELF,q_b,12,32.54031390147771,32.5403108424479,32.5403108424479,0.9999999059926152,0.0004336066900068796,0.9999999059926152,0.0015572892533461087,True
31,1,1,SELF,q_b,13,32.52613080380118,32.52612779587688,32.52612779587688,0.9999999075228371,0.00043006315598887156,0.9999999075228371,0.0015436672308689703,True
31,1,1,SELF,q_b,14,33.189130175019336,33.189126755976964,33.189126755976964,0.9999998969830678,0.00045390952223177704,0.9999998969830678,0.001542356181085387,True
31,1,1,SELF,q_b,15,29.111231023028935,29.111227571421068,29.111227571421068,0.9999998814338059,0.0004869623964683773,0.9999998814338059,0.0015812505890568037,True
31,1,1,SELF,q_b,16,31.150006870480144,31.150003936692325,31.150003936692325,0.9999999058174263,0.0004340105295971955,0.9999999058174263,0.0015485131054462763,True
31,1,1,SELF,q_b,17,30.923707259597602,30.92370423493503,30.92370423493503,0.9999999021895225,0.00044229056800179146,0.9999999021895225,0.0015564961557343964,True
31,1,1,SELF,v_b,0,15.166146998634412,15.166146850148948,15.166146850148948,0.9999999902094142,0.00013993273220942848,0.9999999902094142,0.0006592101638962552,True
31,1,1,SELF,v_b,1,14.4016604161957,14.401660186703088,14.401660186703088,0.9999999840648505,0.00017852253785323832,0.9999999840648505,0.0006794701385856127,True
31,1,1,SELF,v_b,2,14.356420831566531,14.356420642039621,14.356420642039621,0.9999999867984568,0.00016249025969127033,0.9999999867984568,0.0006595319615862478,True
31,1,1,SELF,v_b,3,14.878493426391788,14.878493191718443,14.878493191718443,0.9999999842273448,0.00017760998790655345,0.9999999842273448,0.0006890395329751012,True
31,1,1,SELF,v_b,4,15.506583269493822,15.506583048991,15.506583048991,0.9999999857800511,0.000168641319595895,0.9999999857800511,0.0006579881205985724,True
31,1,1,SELF,v_b,5,14.57152715488746,14.571526837747305,14.571526837747305,0.9999999782356267,0.0002086354323604333,0.9999999782356267,0.0006479603565722824,True
31,1,1,SELF,v_b,6,14.91819203409838,14.918191848318763,14.918191848318763,0.999999987546774,0.00015781777440653682,0.999999987546774,0.0006430985273227585,True
31,1,1,SELF,v_b,7,14.909227167335677,14.90922701612523,14.90922701612523,0.9999999898579286,0.00014242240221839055,0.9999999898579286,0.0006352208500515301,True
31,1,1,SELF,v_b,8,15.386686439185317,15.38668613116444,15.38668613116444,0.9999999799813379,0.0002000932820865944,0.9999999799813379,0.0006786831741540909,True
31,1,1,SELF,v_b,9,15.33645585441778,15.33645560444516,15.33645560444516,0.999999983700757,0.00018055050111984066,0.999999983700757,0.0006657089940193434,True
31,1,1,SELF,v_b,10,15.418747383293653,15.418747138118976,15.418747138118976,0.9999999840989238,0.00017833157383581038,0.9999999840989238,0.0006338497089162858,True
31,1,1,SELF,v_b,11,13.94051805603616,13.940517642705537,13.940517642705537,0.9999999703504115,0.00024351421708980098,0.9999999703504115,0.0006610469764790131,True
31,1,1,SELF,v_b,12,15.401197713099718,15.401197446243703,15.401197446243703,0.9999999826730349,0.0001861556541589823,0.9999999826730349,0.0006256467640982061,True
31,1,1,SELF,v_b,13,15.412803213763748,15.412802958821638,15.412802958821638,0.9999999834590693,0.00018188419172658184,0.9999999834590693,0.0006247090415739259,True
31,1,1,SELF,v_b,14,15.276707788549603,15.276707548885982,15.276707548885982,0.9999999843118279,0.00017713368328405867,0.9999999843118279,0.0006251255612564008,True
31,1,1,SELF,v_b,15,14.497317196860152,14.497317083864571,14.497317083864571,0.9999999922057592,0.000124853831904101,0.9999999922057592,0.0006526659126791827,True
31,1,1,SELF,v_b,16,14.899225343217925,14.899225127643708,14.899225127643708,0.9999999855311795,0.00017011066661904738,0.9999999855311795,0.000673190350995256,True
31,1,1,SELF,v_b,17,14.62609271475078,14.62609249579498,14.62609249579498,0.9999999850297818,0.00017303304327473867,0.9999999850297818,0.0006359259005003521,True
31,2,2,SELF,q_b,0,32.46435410884276,32.46435118552856,32.46435118552856,0.9999999099531075,0.00042437457280491313,0.9999999099531075,0.0015428916999135356,True
31,2,2,SELF,q_b,1,30.57274332292803,30.57274035238862,30.57274035238862,0.9999999028370017,0.0004408242156841094,0.9999999028370017,0.001563086734163086,True
31,2,2,SELF,q_b,2,29.975227870564318,29.975224758402835,29.975224758402835,0.9999998961755522,0.00045568507355753035,0.9999998961755522,0.0015620178827829248,True
31,2,2,SELF,q_b,3,32.48705932636883,32.48705623074486,32.48705623074486,0.9999999047120905,0.0004365498954389523,0.9999999047120905,0.0015560252811124323,True
31,2,2,SELF,q_b,4,31.60298357316932,31.602980380498195,31.602980380498195,0.9999998989756421,0.00044949828413985173,0.9999998989756421,0.0015700124626356116,True
31,2,2,SELF,q_b,5,30.939541287182433,30.939537887925805,30.939537887925805,0.9999998901322875,0.000468759441887257,0.9999998901322875,0.001560199504130035,True
31,2,2,SELF,q_b,6,31.750890126868242,31.750887038582185,31.750887038582185,0.9999999027338747,0.0004410580942195577,0.9999999027338747,0.0015628247491403754,True
31,2,2,SELF,q_b,7,32.149228283933944,32.149225183427944,32.149225183427944,0.9999999035589292,0.0004391834846844857,0.9999999035589292,0.0015530344414195596,True
31,2,2,SELF,q_b,8,33.16668759674384,33.16668416827368,33.16668416827368,0.9999998966291057,0.0004546886613889813,0.9999998966291057,0.0015645216444986714,True
31,2,2,SELF,q_b,9,32.640247692019386,32.640244612968786,32.640244612968786,0.9999999056670578,0.0004343568541431304,0.9999999056670578,0.001553165269488175,True
31,2,2,SELF,q_b,10,33.20844274126886,33.208439578995964,33.208439578995964,0.999999904775032,0.0004364056919709861,0.999999904775032,0.0015655660788338125,True
31,2,2,SELF,q_b,11,29.457003035186563,29.456999690354742,29.456999690354742,0.9999998864503691,0.000476549315681454,0.9999998864503691,0.0015583808696605962,True
31,2,2,SELF,q_b,12,33.46351175880534,33.46350863544681,33.46350863544681,0.999999906663755,0.00043205611008727745,0.999999906663755,0.0015627399963869795,True
31,2,2,SELF,q_b,13,33.35552401968514,33.35552081384278,33.35552081384278,0.9999999038887124,0.00043843194081152214,0.9999999038887124,0.001558211524003081,True
31,2,2,SELF,q_b,14,34.104589114946336,34.10458566606517,34.10458566606517,0.9999998988733992,0.0004497256855031608,0.9999998988733992,0.0015539533507816976,True
31,2,2,SELF,q_b,15,30.45627890637495,30.456275913879402,30.456275913879402,0.9999999017445448,0.00044329550227614517,0.9999999017445448,0.0015568661938305838,True
31,2,2,SELF,q_b,16,31.98151792869732,31.981514745636943,31.981514745636943,0.9999999004718794,0.00044615718390044753,0.9999999004718794,0.0015393646177953746,True
31,2,2,SELF,q_b,17,31.961409226821857,31.961406101972173,31.961406101972173,0.9999999022305411,0.00044219781683513227,0.9999999022305411,0.0015498565573854733,True
31,2,2,SELF,v_b,0,15.361303834860802,15.361303631324834,15.361303631324834,0.9999999867500851,0.0001627876756945627,0.9999999867500851,0.0006650984184502094,True
31,2,2,SELF,v_b,1,14.891677087399566,14.891676849637133,14.891676849637133,0.9999999840338712,0.00017869598350644128,0.9999999840338712,0.0006349369760948442,True
31,2,2,SELF,v_b,2,14.52842751168822,14.528427318004123,14.528427318004123,0.9999999866686126,0.00016328739294291453,0.9999999866686126,0.0006434003405404504,True
31,2,2,SELF,v_b,3,15.155932943518085,15.155932687735408,15.155932687735408,0.9999999831232641,0.00018372117240824764,0.9999999831232641,0.0006573661278409116,True
31,2,2,SELF,v_b,4,16.10235697165427,16.10235672251434,16.10235672251434,0.9999999845277353,0.0001759105644621258,0.9999999845277353,0.000640447031798936,True
31,2,2,SELF,v_b,5,14.83542324585601,14.835423077766226,14.835423077766226,0.9999999886697009,0.00015053436889282446,0.9999999886697009,0.0006555389401074769,True
31,2,2,SELF,v_b,6,15.343873552914301,15.343873319596717,15.343873319596717,0.9999999847940885,0.00017438985206707583,0.9999999847940885,0.0006420043065570542,True
31,2,2,SELF,v_b,7,15.028466396492117,15.02846610975572,15.02846610975572,0.9999999809204486,0.00019534354332239803,0.9999999809204486,0.0006825518454653521,True
31,2,2,SELF,v_b,8,15.566114023615222,15.56611374496043,15.56611374496043,0.9999999820986284,0.00018921612148390407,0.9999999820986284,0.0006535461142908628,True
31,2,2,SELF,v_b,9,15.207373412151115,15.20737316808101,15.20737316808101,0.9999999839505417,0.00017916169968044,0.9999999839505417,0.000646320264765582,True
31,2,2,SELF,v_b,10,15.468561535893402,15.468561277133402,15.468561277133402,0.999999983271877,0.00018291048018138524,0.999999983271877,0.0006661149645517188,True
31,2,2,SELF,v_b,11,14.318072442245313,14.318072218440296,14.318072218440296,0.999999984369054,0.0001768103222671496,0.999999984369054,0.000687575538215646,True
31,2,2,SELF,v_b,12,15.388547376271129,15.388547093868302,15.388547093868302,0.9999999816485066,0.00019158022946734495,0.9999999816485066,0.000643953865608966,True
31,2,2,SELF,v_b,13,15.512600589451766,15.512600453966963,15.512600453966963,0.999999991266145,0.00013216545520585693,0.999999991266145,0.0006694604681889279,True
31,2,2,SELF,v_b,14,15.537645293219583,15.537645009038286,15.537645009038286,0.9999999817101438,0.00019125822673497097,0.9999999817101438,0.0006590887238181394,True
31,2,2,SELF,v_b,15,14.779484336649451,14.77948403197402,14.77948403197402,0.9999999793852462,0.000203050497683098,0.9999999793852462,0.0006397447053652746,True
31,2,2,SELF,v_b,16,15.102448969534533,15.102448683575474,15.102448683575474,0.9999999810653849,0.00019460017371752746,0.9999999810653849,0.0006278159487536433,True
31,2,2,SELF,v_b,17,14.89648311517844,14.896482842485296,14.896482842485296,0.999999981694126,0.00019134195914266366,0.999999981694126,0.0006358062160644561,True
31,3,3,SELF,q_b,0,31.95539707182009,31.955393851677776,31.955393851677776,0.9999998992300954,0.0004489318436994195,0.9999998992300954,0.0015430750024227136,True
31,3,3,SELF,q_b,1,28.989732783758665,28.989729627310435,28.989729627310435,0.9999998911184089,0.00046665101728528714,0.9999998911184089,0.0015589240073985086,True
31,3,3,SELF,q_b,2,28.770259447491163,28.77025654908856,28.77025654908856,0.9999998992569876,0.00044887193715470756,0.9999998992569876,0.0015469479223906952,True
31,3,3,SELF,q_b,3,30.855488583633637,30.855485893340866,30.855485893340866,0.9999999128099119,0.0004175885182415151,0.9999999128099119,0.0015414527023894914,True
31,3,3,SELF,q_b,4,30.601090945440813,30.60108765323393,30.60108765323393,0.9999998924153753,0.00046386338507476544,0.9999998924153753,0.0015649758243345727,True
31,3,3,SELF,q_b,5,29.304702525956568,29.30469971257539,29.30469971257539,0.9999999039955728,0.00043818814051072046,0.9999999039955728,0.0015616727740990334,True
31,3,3,SELF,q_b,6,30.406891497149005,30.406888442448167,30.406888442448167,0.9999998995391937,0.0004482427955775158,0.9999998995391937,0.001559525063090747,True
31,3,3,SELF,q_b,7,31.360123088679394,31.360120143888892,31.360120143888892,0.9999999060976102,0.00043336447914150685,0.9999999060976102,0.0015578903766532211,True
31,3,3,SELF,q_b,8,32.50529407144988,32.50529098790546,32.50529098790546,0.9999999051371627,0.0004355750982953663,0.9999999051371627,0.0015591064988330736,True
31,3,3,SELF,q_b,9,32.564863501070086,32.56486015589537,32.56486015589537,0.9999998972765626,0.00045326246833002614,0.9999998972765626,0.0015562086567260697,True
31,3,3,SELF,q_b,10,32.425695756037975,32.4256926887084,32.4256926887084,0.999999905404356,0.000434961239864758,0.999999905404356,0.0015474013837592524,True
31,3,3,SELF,q_b,11,28.847700532060063,28.847697249638898,28.847697249638898,0.9999998862155005,0.0004770419136009534,0.9999998862155005,0.001543798210940263,True
31,3,3,SELF,q_b,12,33.10197004651131,33.101966809185065,33.101966809185065,0.9999999022014024,0.0004422637071261453,0.9999999022014024,0.001545783303711089,True
31,3,3,SELF,q_b,13,33.04190837256085,33.04190482996276,33.04190482996276,0.9999998927847009,0.0004630665044873027,0.9999998927847009,0.001549298359174329,True
31,3,3,SELF,q_b,14,32.924759094968984,32.92475603681121,32.92475603681121,0.999999907116776,0.00043100631107700373,0.999999907116776,0.0015427826281758912,True
31,3,3,SELF,q_b,15,29.261973345541776,29.261970390571264,29.261970390571264,0.9999998990167042,0.00044940692349589424,0.9999998990167042,0.0015674894061990996,True
31,3,3,SELF,q_b,16,31.139039030915896,31.139035907536783,31.139035907536783,0.9999998996957128,0.0004478934753932588,0.9999998996957128,0.0015478241302459477,True
31,3,3,SELF,q_b,17,30.802719499235014,30.802716166850256,30.802716166850256,0.999999891815242,0.0004651553561759578,0.999999891815242,0.0015463523173860655,True
31,3,3,SELF,v_b,0,15.209532933522075,15.209532764515705,15.209532764515705,0.9999999888881289,0.00014907628962921703,0.9999999888881289,0.0006593875262407573,True
31,3,3,SELF,v_b,1,14.443130394044665,14.443130100943174,14.443130100943174,0.9999999797065121,0.0002014620887515939,0.9999999797065121,0.0006437007753353465,True
31,3,3,SELF,v_b,2,14.341956103930299,14.34195583931693,14.34195583931693,0.9999999815497016,0.00019209527556020287,0.9999999815497016,0.0006727141080658715,True
31,3,3,SELF,v_b,3,14.84338653797698,14.843386315194433,14.843386315194433,0.9999999849911241,0.00017325631094950675,0.9999999849911241,0.0006605883270672759,True
31,3,3,SELF,v_b,4,15.253689444441505,15.253689291898791,15.253689291898791,0.9999999899996185,0.00014142404460279432,0.9999999899996185,0.0006405758892381446,True
31,3,3,SELF,v_b,5,14.546360953644058,14.54636074474172,14.54636074474172,0.9999999856388593,0.00016947648569177616,0.9999999856388593,0.0006374939464771222,True
31,3,3,SELF,v_b,6,15.007507916536941,15.007507767340693,15.007507767340693,0.9999999900585594,0.00014100666230546877,0.9999999900585594,0.0006429321922342368,True
31,3,3,SELF,v_b,7,14.885118552482172,14.885118308249517,14.885118308249517,0.9999999835921592,0.00018115098500428879,0.9999999835921592,0.000717669239400534,True
31,3,3,SELF,v_b,8,15.440790489779674,15.440790178295348,15.440790178295348,0.9999999798271775,0.00020086224781667918,0.9999999798271775,0.0006884239889537193,True
31,3,3,SELF,v_b,9,15.47464946172289,15.474649261369114,15.474649261369114,0.9999999870527745,0.00016091752237945402,0.9999999870527745,0.0006230464055736142,True
31,3,3,SELF,v_b,10,15.38252067027191,15.382520467229886,15.382520467229886,0.9999999868004712,0.00016247786247046908,0.9999999868004712,0.000629510422134305,True
31,3,3,SELF,v_b,11,13.919791845150174,13.91979153311954,13.91979153311954,0.999999977583671,0.00021173723204945543,0.999999977583671,0.0006871629653382122,True
31,3,3,SELF,v_b,12,15.38165918231596,15.381658958617889,15.381658958617889,0.9999999854568308,0.0001705471662843895,0.9999999854568308,0.0006807302042803359,True
31,3,3,SELF,v_b,13,15.497802252679373,15.497801990933567,15.497801990933567,0.9999999831107791,0.00018378911733970613,0.9999999831107791,0.000638783879843368,True
31,3,3,SELF,v_b,14,15.312165965867411,15.31216575900073,15.31216575900073,0.9999999864900444,0.00016437733773991966,0.9999999864900444,0.0006572170073702005,True
31,3,3,SELF,v_b,15,14.494420824638409,14.49442061424546,14.49442061424546,0.9999999854845563,0.00017038452301183378,0.9999999854845563,0.0006436594761551958,True
31,3,3,SELF,v_b,16,14.925398652892454,14.92539836679563,14.92539836679563,0.9999999808315455,0.00019579812702659008,0.9999999808315455,0.0007134154948471926,True
31,3,3,SELF,v_b,17,14.649520015393183,14.649519819591793,14.649519819591793,0.9999999866342796,0.00016349751809873416,0.9999999866342796,0.0006724138586270395,True
26,0,0,SELF,q_b,0,35.67638355488494,35.67637979619287,35.67637979619287,0.9999998946448126,0.0004590319875283239,0.9999998946448126,0.0015742838888448626,True
26,0,0,SELF,q_b,1,30.702901388226852,30.702897222197326,30.702897222197326,0.9999998643115361,0.0005209384903291775,0.9999998643115361,0.0015640501198597502,True
26,0,0,SELF,q_b,2,28.8903149029048,28.89031066088534,28.89031066088534,0.9999998531681127,0.0005419075147241037,0.9999998531681127,0.0015780674868073757,True
26,0,0,SELF,q_b,3,33.29166066498389,33.29165690700767,33.29165690700767,0.9999998871195926,0.0004751429295211275,0.9999998871195926,0.0015779517006898548,True
26,0,0,SELF,q_b,4,30.093087635675577,30.093083618770343,30.093083618770343,0.9999998665173451,0.0005166868431449746,0.9999998665173451,0.0015748239068502387,True
26,0,0,SELF,q_b,5,31.186987468058476,31.18698320492384,31.18698320492384,0.9999998633040579,0.000522868881603677,0.9999998633040579,0.0015820057010497233,True
26,0,0,SELF,q_b,6,36.99099077229472,36.99098673866632,36.99098673866632,0.9999998909564649,0.00046699792269441027,0.9999998909564649,0.0015810186012621373,True
26,0,0,SELF,q_b,7,33.83119928539564,33.83119554556295,33.83119554556295,0.9999998894561005,0.0004701997325959856,0.9999998894561005,0.0015944363884004054,True
26,0,0,SELF,q_b,8,37.731996687162926,37.73199247934649,37.73199247934649,0.9999998884814797,0.0004722679634802589,0.9999998884814797,0.0015873631136473978,True
26,0,0,SELF,q_b,9,37.390030773011034,37.39002681407953,37.39002681407953,0.999999894117993,0.0004601782310082514,0.999999894117993,0.001588850811733234,True
26,0,0,SELF,q_b,10,37.174627882858466,37.174624317804955,37.174624317804955,0.9999999040998199,0.00043795017101580226,0.9999999040998199,0.0015626783219334,True
26,0,0,SELF,q_b,11,31.03904727460606,31.039042790081062,31.039042790081062,0.999999855519889,0.0005375501864736752,0.999999855519889,0.0015666577059737757,True
26,0,0,SELF,q_b,12,38.50935120341668,38.50934746322731,38.50934746322731,0.9999999028758145,0.00044073616015794745,0.9999999028758145,0.0015723907388378922,True
26,0,0,SELF,q_b,13,37.98039706074803,37.98039331884372,37.98039331884372,0.9999999014780095,0.00044389635365181,0.9999999014780095,0.0015859521980925266,True
26,0,0,SELF,q_b,14,37.765435088295305,37.765430999990826,37.765430999990826,0.9999998917448066,0.00046530675557906906,0.9999998917448066,0.0015732678784363648,True
26,0,0,SELF,q_b,15,31.272863474407128,31.272859710466864,31.272859710466864,0.9999998796419692,0.0004906282179708552,0.9999998796419692,0.0015714771560315765,True
26,0,0,SELF,q_b,16,36.33719984366809,36.33719604909613,36.33719604909613,0.9999998955733524,0.00045700468901810955,0.9999998955733524,0.0015756414661371088,True
26,0,0,SELF,q_b,17,34.00794760024627,34.0079436618115,34.0079436618115,0.9999998841907541,0.0004812675764867169,0.9999998841907541,0.001575400857636845,True
26,0,0,SELF,v_b,0,19.447435864873366,19.44743559573776,19.44743559573776,0.9999999861608693,0.00016636784351061485,0.9999999861608693,0.0006682751095077471,True
26,0,0,SELF,v_b,1,16.84344252854799,16.843442278869173,16.843442278869173,0.9999999851764972,0.00017218305235645081,0.9999999851764972,0.000667775199490543,True
26,0,0,SELF,v_b,2,14.867379966397394,14.867379751612253,14.867379751612253,0.9999999855532622,0.0001699808029979759,0.9999999855532622,0.0006128744833135678,True
26,0,0,SELF,v_b,3,18.602410434681087,18.602410106131124,18.602410106131124,0.9999999823383123,0.0001879451332382153,0.9999999823383123,0.0006556973185670137,True
26,0,0,SELF,v_b,4,15.360451211969064,15.360450962894774,15.360450962894774,0.9999999837847022,0.00018008496215222088,0.9999999837847022,0.0006508116827255386,True
26,0,0,SELF,v_b,5,17.09331587666549,17.093315673270062,17.093315673270062,0.9999999881008794,0.00015426677656763446,0.9999999881008794,0.0006367157124693707,True
26,0,0,SELF,v_b,6,20.187769714164332,20.187769498045075,20.187769498045075,0.9999999892945451,0.00014632466676565964,0.9999999892945451,0.0006252688721740989,True
26,0,0,SELF,v_b,7,18.480888897097913,18.48088862087899,18.48088862087899,0.9999999850538075,0.00017289413945984213,0.9999999850538075,0.0006384247007715111,True
26,0,0,SELF,v_b,8,20.551425033304916,20.551424845284654,20.551424845284654,0.9999999908512299,0.00013526839302276992,0.9999999908512299,0.0006339008938153231,True
26,0,0,SELF,v_b,9,20.38909159442435,20.389091281779383,20.389091281779383,0.9999999846660669,0.00017512242441130132,0.9999999846660669,0.000657206472755103,True
26,0,0,SELF,v_b,10,19.967194384862392,19.967194076699997,19.967194076699997,0.999999984566565,0.00017568969216056533,0.999999984566565,0.0006635102485413533,True
26,0,0,SELF,v_b,11,16.642650134671772,16.64264980313993,16.64264980313993,0.999999980079384,0.0001996026791500269,0.999999980079384,0.0006248198137364751,True
26,0,0,SELF,v_b,12,21.001679818776733,21.00167945368566,21.00167945368566,0.9999999826161015,0.0001864612427715135,0.9999999826161015,0.0006278468808810283,True
26,0,0,SELF,v_b,13,20.814992914084584,20.81499244292759,20.81499244292759,0.9999999773645374,0.0002127696473209177,0.9999999773645374,0.000643232853481431,True
26,0,0,SELF,v_b,14,20.981081081025252,20.98108078739296,20.98108078739296,0.9999999860049016,0.00016730270432158693,0.9999999860049016,0.0006531228338641275,True
26,0,0,SELF,v_b,15,17.864844038467634,17.864843698178742,17.864843698178742,0.9999999809520368,0.00019518177391070503,0.9999999809520368,0.0006534504901422659,True
26,0,0,SELF,v_b,16,19.93733788538838,19.937337541255264,19.937337541255264,0.9999999827392645,0.0001857995385163518,0.9999999827392645,0.0006487241191519566,True
26,0,0,SELF,v_b,17,19.172726794131407,19.1727265124049,19.1727265124049,0.9999999853058718,0.00017143002724380447,0.9999999853058718,0.0006688908999480188,True
26,1,1,SELF,q_b,0,35.14470064340903,35.14469711774929,35.14469711774929,0.9999998996816112,0.00044792495915694917,0.9999998996816112,0.0015780167056149012,True
26,1,1,SELF,q_b,1,31.022857966018442,31.02285405691565,31.02285405691565,0.9999998739928219,0.0005020103004756302,0.9999998739928219,0.0015758207991351085,True
26,1,1,SELF,q_b,2,29.061451934484403,29.061447712027284,29.061447712027284,0.9999998547059132,0.0005390622913354276,0.9999998547059132,0.0015676187538883287,True
26,1,1,SELF,q_b,3,33.13050231359472,33.13049853058908,33.13049853058908,0.9999998858150232,0.0004778806777252608,0.9999998858150232,0.0015813360321093111,True
26,1,1,SELF,q_b,4,29.55766647486475,29.55766227655751,29.55766227655751,0.9999998579621554,0.0005329874957548285,0.9999998579621554,0.0015743881188848828,True
26,1,1,SELF,q_b,5,32.490384683790616,32.49038097033739,32.49038097033739,0.9999998857060862,0.00047810858186753824,0.9999998857060862,0.0015631110591138176,True
26,1,1,SELF,q_b,6,36.75519964458224,36.75519597015945,36.75519597015945,0.9999999000298508,0.00044714683276685736,0.9999999000298508,0.0015679090000854984,True
26,1,1,SELF,q_b,7,33.57116651306794,33.57116284939311,33.57116284939311,0.9999998908684085,0.0004671864432905052,0.9999998908684085,0.00157476848087359,True
26,1,1,SELF,q_b,8,37.31870273938818,37.31869896760361,37.31869896760361,0.9999998989304479,0.0004495988157934864,0.9999998989304479,0.0015689551305745322,True
26,1,1,SELF,q_b,9,37.164341438628455,37.16433760729816,37.16433760729816,0.9999998969084303,0.00045407392564097293,0.9999998969084303,0.0015696271584722044,True
26,1,1,SELF,q_b,10,37.075104433058335,37.0751005053517,37.0751005053517,0.9999998940608072,0.00046030248303324394,0.9999998940608072,0.0015705387642951847,True
26,1,1,SELF,q_b,11,30.984023615329846,30.98401933388182,30.98401933388182,0.9999998618175587,0.0005257041615713633,0.9999998618175587,0.0015739013882207634,True
26,1,1,SELF,q_b,12,37.66815546909359,37.668151962999474,37.668151962999474,0.9999999069215343,0.00043145906454240406,0.9999999069215343,0.0015663704202474548,True
26,1,1,SELF,q_b,13,37.550701171263235,37.550697461295925,37.550697461295925,0.9999999012011176,0.0004445196921321695,0.9999999012011176,0.0015637546112820765,True
26,1,1,SELF,q_b,14,36.76445065803149,36.764446922344405,36.764446922344405,0.9999998983886058,0.000450802373407291,0.9999998983886058,0.001572875133913234,True
26,1,1,SELF,q_b,15,32.0341907453453,32.03418686032268,32.03418686032268,0.9999998787226232,0.0004924984675459525,0.9999998787226232,0.0015642330397471996,True
26,1,1,SELF,q_b,16,35.93239053194987,35.93238682317308,35.93238682317308,0.9999998967845798,0.0004543465982768781,0.9999998967845798,0.0015747735351274766,True
26,1,1,SELF,q_b,17,33.32140340803939,33.32139978613968,33.32139978613968,0.9999998913041067,0.0004662529105108638,0.9999998913041067,0.001546968580137631,True
26,1,1,SELF,v_b,0,19.282153256856166,19.28215291933204,19.28215291933204,0.999999982495517,0.00018710682502896746,0.999999982495517,0.0006506777107682247,True
26,1,1,SELF,v_b,1,17.283563468435972,17.28356308036486,17.28356308036486,0.9999999775468114,0.00021191124257916586,0.9999999775468114,0.0006441096010537353,True
26,1,1,SELF,v_b,2,15.310858570447563,15.310858199548662,15.310858199548662,0.9999999757754342,0.00022011162826435644,0.9999999757754342,0.000659793832376542,True
26,1,1,SELF,v_b,3,18.883544299016386,18.88354408959646,18.88354408959646,0.9999999889099248,0.00014893001090376303,0.9999999889099248,0.0006775520187958837,True
26,1,1,SELF,v_b,4,15.909617690952766,15.90961734298626,15.90961734298626,0.9999999781285439,0.00020914805789732776,0.9999999781285439,0.0006449961912134766,True
26,1,1,SELF,v_b,5,18.22787848321826,18.227878213918764,18.227878213918764,0.9999999852259551,0.00017189557160983594,0.9999999852259551,0.0006680988661184432,True
26,1,1,SELF,v_b,6,20.246018410506487,20.24601812289976,20.24601812289976,0.9999999857944055,0.00016855618223339484,0.9999999857944055,0.0006387364415879774,True
26,1,1,SELF,v_b,7,18.725083986656003,18.72508369205087,18.72508369205087,0.9999999842668191,0.00017738759749214448,0.9999999842668191,0.0006352651335839373,True
26,1,1,SELF,v_b,8,20.3763980243286,20.376397672371258,20.376397672371258,0.9999999827272051,0.00018586443213336923,0.9999999827272051,0.0006515080385706189,True
26,1,1,SELF,v_b,9,20.281631863032214,20.281631468099654,20.281631468099654,0.9999999805275748,0.00019734448984984118,0.9999999805275748,0.0006640248938535338,True
26,1,1,SELF,v_b,10,20.202089888449738,20.202089538759584,20.202089538759584,0.999999982690397,0.00018606236465572613,0.999999982690397,0.0006414854078577537,True
26,1,1,SELF,v_b,11,16.628651131980057,16.628650887341646,16.628650887341646,0.9999999852881386,0.0001715334386332631,0.9999999852881386,0.0006299129165411906,True
26,1,1,SELF,v_b,12,20.616513561087004,20.616513173928393,20.616513173928393,0.9999999812209465,0.00019379913460823177,0.9999999812209465,0.0006692577457485139,True
26,1,1,SELF,v_b,13,20.761662355367008,20.761661975080848,20.761661975080848,0.9999999816832509,0.0001913987867533846,0.9999999816832509,0.0006733892615201031,True
26,1,1,SELF,v_b,14,20.58423636299673,20.58423604625184,20.58423604625184,0.9999999846122593,0.00017542941429531052,0.9999999846122593,0.000652904635957871,True
26,1,1,SELF,v_b,15,18.60114980570052,18.60114945675336,18.60114945675336,0.9999999812405598,0.00019369790424756734,0.9999999812405598,0.0006289701564908915,True
26,1,1,SELF,v_b,16,20.020439102456617,20.02043882981198,20.02043882981198,0.9999999863816854,0.0001650352299242105,0.9999999863816854,0.0006569489495007974,True
26,1,1,SELF,v_b,17,18.782644435834705,18.782644189943525,18.782644189943525,0.9999999869085964,0.0001618110154006366,0.9999999869085964,0.0006298305072830866,True
26,2,2,SELF,q_b,0,34.96977501304955,34.96977142656289,34.96977142656289,0.9999998974403852,0.0004529008951245857,0.9999998974403852,0.0015684055433662497,True
26,2,2,SELF,q_b,1,30.49173639039281,30.491732477095805,30.491732477095805,0.9999998716604082,0.0005066351437084045,0.9999998716604082,0.001573037471324288,True
26,2,2,SELF,q_b,2,29.047805323854988,29.047801189871624,29.047801189871624,0.9999998576834526,0.0005335101464051268,0.9999998576834526,0.0015701485479834851,True
26,2,2,SELF,q_b,3,32.74211605068648,32.74211229135073,32.74211229135073,0.9999998851834823,0.00047920040071656127,0.9999998851834823,0.0015621186726828583,True
26,2,2,SELF,q_b,4,29.900180378737648,29.900176270903273,29.900176270903273,0.9999998626150638,0.0005241849438510682,0.9999998626150638,0.0015703612154279764,True
26,2,2,SELF,q_b,5,30.85475586372473,30.85475181690879,30.85475181690879,0.9999998688430414,0.000512165892698799,0.9999998688430414,0.0015693328993545033,True
26,2,2,SELF,q_b,6,35.928944277880824,35.92894048539095,35.92894048539095,0.9999998944447173,0.00045946768776917367,0.9999998944447173,0.0015804855466875324,True
26,2,2,SELF,q_b,7,33.39488996881059,33.39488669423056,33.39488669423056,0.9999999019436796,0.0004428460599873291,0.9999999019436796,0.0015569964151094665,True
26,2,2,SELF,q_b,8,36.5450719869142,36.54506835167597,36.54506835167597,0.9999999005272658,0.0004460330253971909,0.9999999005272658,0.001567641864472426,True
26,2,2,SELF,q_b,9,36.31813071428923,36.31812691829445,36.31812691829445,0.9999998954793459,0.000457210344327565,0.9999998954793459,0.0015663059783053072,True
26,2,2,SELF,q_b,10,35.936124845603715,35.93612095941624,35.93612095941624,0.9999998918584715,0.00046506241191304607,0.9999998918584715,0.0015675076096376861,True
26,2,2,SELF,q_b,11,30.83279783358611,30.832793694756447,30.832793694756447,0.9999998657653553,0.0005181402061170771,0.9999998657653553,0.0015700441179563524,True
26,2,2,SELF,q_b,12,36.9798755273721,36.97987178783936,36.97987178783936,0.999999898876546,0.0004497186890392807,0.999999898876546,0.0015806984561638397,True
26,2,2,SELF,q_b,13,36.59419710691159,36.59419331204041,36.59419331204041,0.9999998962985535,0.00045541506810962615,0.9999998962985535,0.0015690338994565917,True
26,2,2,SELF,q_b,14,36.29003496927584,36.29003110912163,36.29003110912163,0.9999998936304633,0.0004612364509690308,0.9999998936304633,0.0015750640031669658,True
26,2,2,SELF,q_b,15,30.86796251034635,30.867958679022625,30.867958679022625,0.9999998758802521,0.0004982363716316967,0.9999998758802521,0.0015531889994487645,True
26,2,2,SELF,q_b,16,35.584902390461636,35.58489872755127,35.58489872755127,0.9999998970656059,0.00045372764869468636,0.9999998970656059,0.0015646302415705448,True
26,2,2,SELF,q_b,17,32.29255870675625,32.29255501987164,32.29255501987164,0.9999998858286627,0.0004778521351018571,0.9999998858286627,0.0015583280291675053,True
26,2,2,SELF,v_b,0,19.153688479385956,19.153688248506786,19.153688248506786,0.9999999879459682,0.00015526770926136378,0.9999999879459682,0.000637501068753677,True
26,2,2,SELF,v_b,1,16.636358888605603,16.63635849745629,16.63635849745629,0.9999999764882859,0.00021684885509909934,0.9999999764882859,0.0006468432532229314,True
26,2,2,SELF,v_b,2,15.010344147416728,15.010343776646524,15.010343776646524,0.9999999752990204,0.00022226550949245715,0.9999999752990204,0.0006778134795954526,True
26,2,2,SELF,v_b,3,18.184373289166373,18.184372976176054,18.184372976176054,0.9999999827879512,0.00018553731596344085,0.9999999827879512,0.000636423190553514,True
26,2,2,SELF,v_b,4,15.183658907512257,15.183658722260871,15.183658722260871,0.9999999877992922,0.0001562095183094242,0.9999999877992922,0.0006473101679402907,True
26,2,2,SELF,v_b,5,16.870504561643607,16.87050433375518,16.87050433375518,0.999999986491902,0.00016436603612419344,0.999999986491902,0.0006236394081146184,True
26,2,2,SELF,v_b,6,19.727320696805567,19.727320412602,19.727320412602,0.9999999855934026,0.0001697444929051376,0.9999999855934026,0.0006501558252739478,True
26,2,2,SELF,v_b,7,18.342884240548837,18.342884027792685,18.342884027792685,0.9999999884011614,0.00015230782957339502,0.9999999884011614,0.0006409409828325753,True
26,2,2,SELF,v_b,8,20.023521506310573,20.023521268854168,20.023521268854168,0.9999999881411267,0.00015400566492423376,0.9999999881411267,0.0006605051881908648,True
26,2,2,SELF,v_b,9,20.017806776207962,20.01780655098967,20.01780655098967,0.9999999887491025,0.00015000597565888288,0.9999999887491025,0.0006160522323008617,True
26,2,2,SELF,v_b,10,19.714450894071547,19.714450629660078,19.714450629660078,0.9999999865879364,0.00016378072329507353,0.9999999865879364,0.0005985497238120703,True
26,2,2,SELF,v_b,11,16.59719387840182,16.59719367224908,16.59719367224908,0.9999999875790605,0.0001576130600690513,0.9999999875790605,0.0006440319036097501,True
26,2,2,SELF,v_b,12,20.352643714915487,20.352643451692206,20.352643451692206,0.9999999870668752,0.0001608298716244384,0.9999999870668752,0.0006573703378707418,True
26,2,2,SELF,v_b,13,20.22063280278758,20.220632485161598,20.220632485161598,0.999999984291986,0.00017724566495591423,0.999999984291986,0.0006469200656772604,True
26,2,2,SELF,v_b,14,20.430754732771966,20.43075439058418,20.43075439058418,0.999999983251339,0.00018302273054441004,0.999999983251339,0.0006579251813213251,True
26,2,2,SELF,v_b,15,17.33638018002533,17.336379862043977,17.336379862043977,0.9999999816581461,0.00019152990828928782,0.9999999816581461,0.0006808849994192341,True
26,2,2,SELF,v_b,16,19.615278678382737,19.615278485342316,19.615278485342316,0.9999999901586705,0.00014029489406448074,0.9999999901586705,0.000674550785306157,True
26,2,2,SELF,v_b,17,18.078662786929552,18.078662469949453,18.078662469949453,0.9999999824666181,0.00018726121245845999,0.9999999824666181,0.0006418192038252998,True
26,3,3,SELF,q_b,0,35.987878082469834,35.98787434286871,35.98787434286871,0.9999998960872014,0.0004558789178292936,0.9999998960872014,0.0015812233248257233,True
26,3,3,SELF,q_b,1,30.676129796326144,30.676125767421745,30.676125767421745,0.9999998686632106,0.0005125168905711779,0.9999998686632106,0.0015654701631337465,True
26,3,3,SELF,q_b,2,28.740427321499357,28.740422786873598,28.740422786873598,0.9999998422213522,0.0005617448462043065,0.9999998422213522,0.0015758969304045176,True
26,3,3,SELF,q_b,3,33.44185866145384,33.44185496957873,33.44185496957873,0.9999998896031721,0.00046988684295281837,0.9999998896031721,0.001577163389408714,True
26,3,3,SELF,q_b,4,29.405150273394774,29.405146107706056,29.405146107706056,0.9999998583347244,0.0005322880167298917,0.9999998583347244,0.0015622279744107383,True
26,3,3,SELF,q_b,5,31.36033726504045,31.36033312005619,31.36033312005619,0.9999998678271785,0.0005141455312329217,0.9999998678271785,0.0015763958258604193,True
26,3,3,SELF,q_b,6,37.001097400228616,37.0010936207747,37.0010936207747,0.9999998978556263,0.0004519831171059486,0.9999998978556263,0.0015733389790150447,True
26,3,3,SELF,q_b,7,34.508054051008635,34.50805027190735,34.50805027190735,0.9999998904863984,0.000468003411390062,0.9999998904863984,0.0015549837775154214,True
26,3,3,SELF,q_b,8,37.62499723272626,37.62499301476872,37.62499301476872,0.999999887894808,0.0004735085776836596,0.999999887894808,0.0015645362571096034,True
26,3,3,SELF,q_b,9,37.159562149250014,37.1595583209515,37.1595583209515,0.9999998969767593,0.00045392342129389296,0.9999998969767593,0.0015732557970524327,True
26,3,3,SELF,q_b,10,37.10389688878088,37.103892796594785,37.103892796594785,0.9999998897100726,0.0004696592848507909,0.9999998897100726,0.0015805869618037286,True
26,3,3,SELF,q_b,11,30.961929838319204,30.961925172747492,30.961925172747492,0.9999998493126321,0.0005489760602114121,0.9999998493126321,0.0015795797587105434,True
26,3,3,SELF,q_b,12,38.228175322552254,38.22817156095538,38.22817156095538,0.9999999016014539,0.00044361817344434277,0.9999999016014539,0.001570608164328949,True
26,3,3,SELF,q_b,13,37.796199980995254,37.79619600102934,37.79619600102934,0.9999998946993105,0.0004589132481878527,0.9999998946993105,0.0015909758869784986,True
26,3,3,SELF,q_b,14,37.33880503434238,37.33880104529341,37.33880104529341,0.9999998931661319,0.00046224206425422046,0.9999998931661319,0.0015715666602346763,True
26,3,3,SELF,q_b,15,31.246002674203837,31.245998709046166,31.245998709046166,0.9999998730987221,0.0005037881909436751,0.9999998730987221,0.0015697822489710118,True
26,3,3,SELF,q_b,16,36.424033112109925,36.42402928392594,36.42402928392594,0.9999998948995029,0.00045847680898080653,0.9999998948995029,0.001567348088121596,True
26,3,3,SELF,q_b,17,33.74811146407824,33.748107650371324,33.748107650371324,0.9999998869949531,0.000475405177612664,0.9999998869949531,0.001563861355357195,True
26,3,3,SELF,v_b,0,19.4587968401493,19.4587966207905,19.4587966207905,0.9999999887270111,0.00015015317600573775,0.9999999887270111,0.0006470186180873676,True
26,3,3,SELF,v_b,1,16.724994734976853,16.724994431814338,16.724994431814338,0.9999999818736854,0.0001904012271846882,0.9999999818736854,0.0006297868432917806,True
26,3,3,SELF,v_b,2,14.802032836027037,14.802032545425543,14.802032545425543,0.9999999803674606,0.00019815417347311172,0.9999999803674606,0.0006712409512175747,True
26,3,3,SELF,v_b,3,18.48020040593495,18.480200071407996,18.480200071407996,0.9999999818980884,0.00019027301776417904,0.9999999818980884,0.0006541383824191894,True
26,3,3,SELF,v_b,4,15.263551831731675,15.263551537847873,15.263551537847873,0.9999999807460409,0.00019623434002127664,0.9999999807460409,0.0006525462004620846,True
26,3,3,SELF,v_b,5,17.11911541920911,17.119115141501954,17.119115141501954,0.9999999837779495,0.00018012245462755878,0.9999999837779495,0.0006455619779589702,True
26,3,3,SELF,v_b,6,19.965290696066802,19.965290404858727,19.965290404858727,0.9999999854142833,0.00017079646030390748,0.9999999854142833,0.0006377948248033336,True
26,3,3,SELF,v_b,7,18.71983770885545,18.719837346152268,18.719837346152268,0.999999980624662,0.00019685190808512422,0.999999980624662,0.0006904391940379873,True
26,3,3,SELF,v_b,8,20.237929482373183,20.237929131427883,20.237929131427883,0.9999999826590315,0.00018623086466674474,0.9999999826590315,0.0006620433559440103,True
26,3,3,SELF,v_b,9,19.9997541356001,19.99975377859907,19.99975377859907,0.9999999821497292,0.00018894586334192157,0.9999999821497292,0.0006583496503431689,True
26,3,3,SELF,v_b,10,19.643431539658636,19.643431226992565,19.643431226992565,0.99999998408292,0.0001784212929950587,0.99999998408292,0.000656969344369195,True
26,3,3,SELF,v_b,11,16.52285863454106,16.522858237909002,16.522858237909002,0.9999999759949494,0.00021911206906178443,0.9999999759949494,0.0006651349722405184,True
26,3,3,SELF,v_b,12,20.567470014957365,20.56746970915257,20.56746970915257,0.9999999851316279,0.000172443445916686,0.9999999851316279,0.0006732713021188275,True
26,3,3,SELF,v_b,13,20.4141911227898,20.414190788293322,20.414190788293322,0.9999999836145124,0.00018102754740485368,0.9999999836145124,0.0006343110520247362,True
26,3,3,SELF,v_b,14,20.549212326603936,20.549212115366352,20.549212115366352,0.9999999897204048,0.0001433847571532739,0.9999999897204048,0.000643473830596427,True
26,3,3,SELF,v_b,15,17.65082682701669,17.650826527084266,17.650826527084266,0.9999999830074575,0.00018435043487029568,0.9999999830074575,0.0006105695414979883,True
26,3,3,SELF,v_b,16,19.819410882689752,19.81941057880262,19.81941057880262,0.9999999846671966,0.0001751159741170519,0.9999999846671966,0.0006374303997937312,True
26,3,3,SELF,v_b,17,18.647253924121777,18.647253670997678,18.647253670997678,0.9999999864256635,0.00016476853677207344,0.9999999864256635,0.0006876192036177973,True
11,0,0,SELF,q_b,0,41.84664672839242,41.84664237852012,41.84664237852012,0.9999998960520702,0.0004559559734884895,0.9999998960520702,0.0015652112594943181,True
11,0,0,SELF,q_b,1,35.27685859183495,35.276854943421405,35.276854943421405,0.9999998965777087,0.0004548016851355149,0.9999998965777087,0.001572343431499933,True
11,0,0,SELF,q_b,2,34.97457782213709,34.97457405876336,34.97457405876336,0.9999998923968789,0.0004639032573550151,0.9999998923968789,0.0015860887058187698,True
11,0,0,SELF,q_b,3,39.86746445587199,39.867460622561005,39.867460622561005,0.9999999038486386,0.00043852333410124273,0.9999999038486386,0.001582050622040501,True
11,0,0,SELF,q_b,4,35.483399118513425,35.48339544273305,35.48339544273305,0.9999998964084482,0.0004551736967952089,0.9999998964084482,0.0015791197243469372,True
11,0,0,SELF,q_b,5,38.014087167362135,38.01408364657715,38.01408364657715,0.9999999073820983,0.000430390283378494,0.9999999073820983,0.001578308972468477,True
11,0,0,SELF,q_b,6,41.3188861451857,41.31888209570194,41.31888209570194,0.9999999019943628,0.0004427315952965124,0.9999999019943628,0.0015790449345826903,True
11,0,0,SELF,q_b,7,40.313650832015085,40.313647292753366,40.313647292753366,0.9999999122068668,0.00041903014176317507,0.9999999122068668,0.0015768173523078293,True
11,0,0,SELF,q_b,8,44.587439060219374,44.58743481021291,44.58743481021291,0.9999999046815302,0.000436619893415079,0.9999999046815302,0.0015596013563374382,True
11,0,0,SELF,q_b,9,45.78218959128535,45.782185137200315,45.782185137200315,0.999999902711402,0.00044110904206090047,0.999999902711402,0.0015608905576980853,True
11,0,0,SELF,q_b,10,44.60207994099999,44.602075651048516,44.602075651048516,0.9999999038172327,0.00043859494502398387,0.9999999038172327,0.0015427965765668497,True
11,0,0,SELF,q_b,11,34.84968771989608,34.84968359642448,34.84968359642448,0.9999998816783772,0.0004864598980499945,0.9999998816783772,0.0015777725157069143,True
11,0,0,SELF,q_b,12,45.550152308042485,45.55014794819683,45.55014794819683,0.9999999042847184,0.0004375277755284005,0.9999999042847184,0.0015702088578980024,True
11,0,0,SELF,q_b,13,46.631199783648945,46.63119552535791,46.63119552535791,0.9999999086815039,0.0004273604856158681,0.9999999086815039,0.0015556590471222968,True
11,0,0,SELF,q_b,14,44.71778997575265,44.717785896398915,44.717785896398915,0.9999999087755961,0.000427140258005992,0.9999999087755961,0.001554443061820318,True
11,0,0,SELF,q_b,15,34.787642316873644,34.78763838567242,34.78763838567242,0.9999998869943187,0.00047540651125203257,0.9999998869943187,0.0015776342012474842,True
11,0,0,SELF,q_b,16,41.53219199385506,41.53218810095887,41.53218810095887,0.9999999062679815,0.0004329711645552224,0.9999999062679815,0.0015681958720803071,True
11,0,0,SELF,q_b,17,40.717726418197,40.7177225486831,40.7177225486831,0.9999999049673387,0.00043596480840585306,0.9999999049673387,0.0015708527679394104,True
11,0,0,SELF,v_b,0,20.02618209455806,20.026181776542813,20.026181776542813,0.9999999841200262,0.00017821319756673506,0.9999999841200262,0.000672484498517834,True
11,0,0,SELF,v_b,1,17.51008232136205,17.51008212239802,17.51008212239802,0.9999999886371735,0.00015075028865949014,0.9999999886371735,0.0006781101210459134,True
11,0,0,SELF,v_b,2,17.156992497426785,17.156992057923983,17.156992057923983,0.999999974383459,0.0002263472506443665,0.999999974383459,0.000652553408663564,True
11,0,0,SELF,v_b,3,19.057168442093527,19.057168087333704,19.057168087333704,0.999999981384442,0.00019295365268748063,0.999999981384442,0.0006416855014591242,True
11,0,0,SELF,v_b,4,17.19160620732693,17.191605942221067,17.191605942221067,0.9999999845793429,0.00017561694424561694,0.9999999845793429,0.0006843679918480988,True
11,0,0,SELF,v_b,5,18.18677119570609,18.186770922571103,18.186770922571103,0.999999984981667,0.00017331088417403182,0.999999984981667,0.0006650436695528078,True
11,0,0,SELF,v_b,6,19.465231308289717,19.465231085559903,19.465231085559903,0.9999999885575563,0.00015127750819801788,0.9999999885575563,0.0006436657258801819,True
11,0,0,SELF,v_b,7,19.40101577011275,19.401015458172164,19.401015458172164,0.9999999839214302,0.00017932410895020036,0.9999999839214302,0.0006675985151996945,True
11,0,0,SELF,v_b,8,20.90692198773398,20.90692170616056,20.90692170616056,0.999999986532048,0.0001641216031345458,0.999999986532048,0.000655741532580792,True
11,0,0,SELF,v_b,9,21.447899197775456,21.447898826867117,21.447898826867117,0.9999999827065422,0.000185975569914071,0.9999999827065422,0.0006697093354052032,True
11,0,0,SELF,v_b,10,21.087447933913356,21.087447674487773,21.087447674487773,0.9999999876976302,0.00015685896941579087,0.9999999876976302,0.0006599133484489449,True
11,0,0,SELF,v_b,11,16.90109961600886,16.901099279157595,16.901099279157595,0.9999999800692693,0.00019965334287107248,0.9999999800692693,0.0006673714972709095,True
11,0,0,SELF,v_b,12,21.167882485974644,21.167882270190294,21.167882270190294,0.9999999898060493,0.00014278619837564515,0.9999999898060493,0.0006400891093058574,True
11,0,0,SELF,v_b,13,22.034020488170178,22.034020181802784,22.034020181802784,0.9999999860957107,0.0001667590337159632,0.9999999860957107,0.0006289276740059446,True
11,0,0,SELF,v_b,14,20.815464076627322,20.815463789963804,20.815463789963804,0.9999999862283389,0.0001659618006966471,0.9999999862283389,0.0006286370709045181,True
11,0,0,SELF,v_b,15,17.36491833861219,17.36491807794111,17.36491807794111,0.9999999849886377,0.0001732706592524465,0.9999999849886377,0.0006696711884681399,True
11,0,0,SELF,v_b,16,19.92614540654945,19.926145026087735,19.926145026087735,0.9999999809064068,0.00019541541029722574,0.9999999809064068,0.0006610879938698458,True
11,0,0,SELF,v_b,17,19.530764704284167,19.530764454211134,19.530764454211134,0.9999999871959426,0.0001600253460054894,0.9999999871959426,0.0006291302628613483,True
11,1,1,SELF,q_b,0,41.43979936895293,41.43979562602565,41.43979562602565,0.9999999096779584,0.0004250224414958479,0.9999999096779584,0.00155707639522238,True
11,1,1,SELF,q_b,1,35.61002819702128,35.610024606209564,35.610024606209564,0.9999998991629072,0.00044908148053998903,0.9999998991629072,0.0015756472061465114,True
11,1,1,SELF,q_b,2,35.70709909724264,35.707095125120595,35.707095125120595,0.9999998887581981,0.00047168166418469476,0.9999998887581981,0.0015882043284474216,True
11,1,1,SELF,q_b,3,39.35915880787797,39.359155030967024,39.359155030967024,0.999999904039846,0.0004380870919384945,0.999999904039846,0.0015745660307617902,True
11,1,1,SELF,q_b,4,35.81666516214146,35.81666159007458,35.81666159007458,0.9999999002680214,0.0004466138696822544,0.9999999002680214,0.0015843837041745587,True
11,1,1,SELF,q_b,5,38.53954838669898,38.539544708629755,38.539544708629755,0.9999999045637694,0.00043688952058193215,0.9999999045637694,0.001581108318569195,True
11,1,1,SELF,q_b,6,41.52166647039699,41.521662444640555,41.521662444640555,0.9999999030444399,0.000440353394156899,0.9999999030444399,0.0015611650809461174,True
11,1,1,SELF,q_b,7,39.669696668198135,39.669692775158154,39.669692775158154,0.9999999018636312,0.00044302678144129395,0.9999999018636312,0.001573242231370168,True
11,1,1,SELF,q_b,8,43.77403881306993,43.77403427944776,43.77403427944776,0.9999998964312572,0.0004551235828811065,0.9999998964312572,0.0015617881173162467,True
11,1,1,SELF,q_b,9,45.0193114853524,45.019307483637085,45.019307483637085,0.9999999111111392,0.00042163694579247084,0.9999999111111392,0.001549127117165649,True
11,1,1,SELF,q_b,10,43.92790898012665,43.92790454245655,43.92790454245655,0.9999998989783442,0.0004494922714331934,0.9999998989783442,0.001557934805501207,True
11,1,1,SELF,q_b,11,34.624121663604484,34.624117715568374,34.624117715568374,0.9999998859744039,0.0004775470451155895,0.9999998859744039,0.0015699526341111806,True
11,1,1,SELF,q_b,12,44.782695747118346,44.782691545646564,44.782691545646564,0.9999999061809096,0.0004331722206082928,0.9999999061809096,0.0015581302824793852,True
11,1,1,SELF,q_b,13,45.93463831295812,45.934633979269435,45.934633979269435,0.9999999056553215,0.0004343838729016133,0.9999999056553215,0.0015509547666353333,True
11,1,1,SELF,q_b,14,43.94275812895089,43.94275398491701,43.94275398491701,0.9999999056947252,0.0004342931511652441,0.9999999056947252,0.0015632546665132919,True
11,1,1,SELF,q_b,15,34.376699161582486,34.37669532797773,34.37669532797773,0.9999998884824648,0.0004722658776330372,0.9999998884824648,0.0015764070505057516,True
11,1,1,SELF,q_b,16,41.066365905851455,41.06636206612498,41.06636206612498,0.9999999064994822,0.0004324361543387893,0.9999999064994822,0.0015880018728347462,True
11,1,1,SELF,q_b,17,40.34984490040392,40.349840747168145,40.349840747168145,0.9999998970693497,0.00045371939637196617,0.9999998970693497,0.0015752228560042586,True
11,1,1,SELF,v_b,0,19.84456640697247,19.844566086725777,19.844566086725777,0.999999983862248,0.00017965383499044495,0.999999983862248,0.0006493544667957933,True
11,1,1,SELF,v_b,1,17.474216539530225,17.474216322383427,17.474216322383427,0.9999999875733028,0.00015764958321193143,0.9999999875733028,0.0006793654710419873,True
11,1,1,SELF,v_b,2,17.270052197636144,17.27005195319186,17.27005195319186,0.9999999858457704,0.00016825116779033592,0.9999999858457704,0.0006398136790592193,True
11,1,1,SELF,v_b,3,18.84841818364268,18.848417942336056,18.848417942336056,0.9999999871975134,0.0001600155310633156,0.9999999871975134,0.0006311886950191939,True
11,1,1,SELF,v_b,4,17.389317118213185,17.389316854717965,17.389316854717965,0.9999999848472934,0.00017408449161630655,0.9999999848472934,0.0006473252244550929,True
11,1,1,SELF,v_b,5,18.392152948514802,18.392152501499798,18.392152501499798,0.999999975695341,0.00022047520177678612,0.999999975695341,0.0006687312640002795,True
11,1,1,SELF,v_b,6,19.562255479805398,19.562254961384536,19.562254961384536,0.9999999734989218,0.00023022196429917704,0.9999999734989218,0.0006389510516980305,True
11,1,1,SELF,v_b,7,19.107969643138578,19.10796927380539,19.10796927380539,0.9999999806712491,0.00019661510216426823,0.9999999806712491,0.0006512928253010412,True
11,1,1,SELF,v_b,8,20.54558351869829,20.54558325012736,20.54558325012736,0.9999999869280457,0.00016169077090926452,0.9999999869280457,0.000622853685838425,True
11,1,1,SELF,v_b,9,21.183289587163287,21.18328925173744,21.18328925173744,0.9999999841655448,0.00017795759919958846,0.9999999841655448,0.0006742485828851961,True
11,1,1,SELF,v_b,10,20.788461949320876,20.788461701654672,20.788461701654672,0.9999999880863623,0.00015436084947554652,0.9999999880863623,0.000644560224999128,True
11,1,1,SELF,v_b,11,16.730337734597303,16.730337414009348,16.730337414009348,0.999999980837927,0.0001957655297636116,0.999999980837927,0.0006434845457088154,True
11,1,1,SELF,v_b,12,20.87730191183395,20.877301578758836,20.877301578758836,0.9999999840460652,0.00017862773158878572,0.9999999840460652,0.0006814191161238468,True
11,1,1,SELF,v_b,13,21.735394718858903,21.73539442914745,21.73539442914745,0.9999999866709828,0.00016327287331044398,0.9999999866709828,0.0006659056872268584,True
11,1,1,SELF,v_b,14,20.531986187063726,20.531985971799877,20.531985971799877,0.9999999895156831,0.00014480549242875927,0.9999999895156831,0.0006257068076027929,True
11,1,1,SELF,v_b,15,17.164812415854037,17.164812178526255,17.164812178526255,0.9999999861735872,0.00016629137773337396,0.9999999861735872,0.0006303564347593339,True
11,1,1,SELF,v_b,16,19.653321068549772,19.653320793918404,19.653320793918404,0.9999999860262107,0.0001671752847951419,0.9999999860262107,0.0006356171524298575,True
11,1,1,SELF,v_b,17,19.39344574664432,19.393445430996206,19.393445430996206,0.9999999837239798,0.00018042183002666673,0.9999999837239798,0.0006070292509612807,True
11,2,2,SELF,q_b,0,41.88124743115258,41.881243387958236,41.881243387958236,0.9999999034605082,0.0004394075273771052,0.9999999034605082,0.0015589113391542364,True
11,2,2,SELF,q_b,1,35.13881948082315,35.138815552331906,35.138815552331906,0.9999998882008188,0.0004728618735586755,0.9999998882008188,0.001580855376461857,True
11,2,2,SELF,q_b,2,34.89505233922095,34.89504850686961,34.89504850686961,0.9999998901749363,0.0004686684511742034,0.9999998901749363,0.0015607677077254935,True
11,2,2,SELF,q_b,3,40.62615392503402,40.62614971082931,40.62614971082931,0.9999998962686767,0.000455480665511375,0.9999998962686767,0.0015830431310442199,True
11,2,2,SELF,q_b,4,35.05903283486607,35.059029575722704,35.059029575722704,0.9999999070384119,0.00043118808974108207,0.9999999070384119,0.0015642238179056653,True
11,2,2,SELF,q_b,5,37.82400636268782,37.82400224806329,37.82400224806329,0.9999998912165863,0.0004664405823568381,0.9999998912165863,0.0015816712743807438,True
11,2,2,SELF,q_b,6,41.11610199153453,41.116097595107476,41.116097595107476,0.9999998930728634,0.0004624437937753545,0.9999998930728634,0.0015718760247357211,True
11,2,2,SELF,q_b,7,40.965203672898134,40.96519976273097,40.96519976273097,0.9999999045490607,0.0004369231858082852,0.9999999045490607,0.0015702321473112203,True
11,2,2,SELF,q_b,8,43.63565420537713,43.63564990942618,43.63564990942618,0.9999999015495235,0.0004437352185505261,0.9999999015495235,0.0015489090535557104,True
11,2,2,SELF,q_b,9,44.432205223491174,44.43220069471949,44.43220069471949,0.9999998980745687,0.0004514984531927275,0.9999998980745687,0.0015674951467744315,True
11,2,2,SELF,q_b,10,44.77628107104505,44.77627671196352,44.77627671196352,0.9999999026475307,0.00044125381587894173,0.9999999026475307,0.0015586077654897062,True
11,2,2,SELF,q_b,11,34.26941791468794,34.26941381230532,34.26941381230532,0.9999998802902741,0.000489305056978471,0.9999998802902741,0.0015576789171595745,True
11,2,2,SELF,q_b,12,45.429466232550716,45.42946197847486,45.42946197847486,0.9999999063586653,0.00043276166836545466,0.9999999063586653,0.0015612014972539881,True
11,2,2,SELF,q_b,13,46.77955047972555,46.779546106020284,46.779546106020284,0.9999999065039056,0.0004324259247123716,0.9999999065039056,0.0015582528478066229,True
11,2,2,SELF,q_b,14,44.81383306849642,44.8138283849055,44.8138283849055,0.9999998954878304,0.00045719178545686765,0.9999998954878304,0.0015669618663634948,True
11,2,2,SELF,q_b,15,34.88912712944389,34.88912313558421,34.88912313558421,0.9999998855270964,0.00047848280549087297,0.9999998855270964,0.001581406925305273,True
11,2,2,SELF,q_b,16,41.85376568184363,41.853761350198354,41.853761350198354,0.9999998965052437,0.0004549609902753041,0.9999998965052437,0.0015625144138489643,True
11,2,2,SELF,q_b,17,41.08208411108109,41.08208023119566,41.08208023119566,0.9999999055577264,0.0004346084892249172,0.9999999055577264,0.001588093156338336,True
11,2,2,SELF,v_b,0,20.135913222571027,20.135912901942728,20.135912901942728,0.9999999840767938,0.0001784556216701083,0.9999999840767938,0.000624915509773669,True
11,2,2,SELF,v_b,1,17.621629092589725,17.62162887520068,17.62162887520068,0.9999999876635104,0.00015707633613736195,0.9999999876635104,0.0006542809886080959,True
11,2,2,SELF,v_b,2,17.23959764329399,17.23959734783818,17.23959734783818,0.999999982861792,0.00018513889915770622,0.999999982861792,0.0006347083571175316,True
11,2,2,SELF,v_b,3,19.607819978337158,19.607819764089317,19.607819764089317,0.9999999890733472,0.00014782862489516046,0.9999999890733472,0.0006914820118456586,True
11,2,2,SELF,v_b,4,17.222570138502924,17.222569882268246,17.222569882268246,0.9999999851221579,0.0001724983498498842,0.9999999851221579,0.000661387899927251,True
11,2,2,SELF,v_b,5,18.25866991974104,18.25866967370232,18.25866967370232,0.999999986524828,0.0001641655880394366,0.999999986524828,0.0006312377986296932,True
11,2,2,SELF,v_b,6,19.62324338947099,19.623243082524272,19.623243082524272,0.9999999843580029,0.00017687281040143897,0.9999999843580029,0.0006356275970585719,True
11,2,2,SELF,v_b,7,19.89908846899039,19.899088099013746,19.899088099013746,0.9999999814073572,0.00019283485637354994,0.9999999814073572,0.0006291590974390787,True
11,2,2,SELF,v_b,8,20.585165366672285,20.58516507254732,20.58516507254732,0.9999999857117997,0.00016904554830626657,0.9999999857117997,0.0006473092062485644,True
11,2,2,SELF,v_b,9,21.149996865852227,21.149996542782723,21.149996542782723,0.9999999847248439,0.000174786466825758,0.9999999847248439,0.0006461127411159173,True
11,2,2,SELF,v_b,10,21.46210335169377,21.462103120360617,21.462103120360617,0.9999999892213196,0.00014682424134595615,0.9999999892213196,0.0006537642952464959,True
11,2,2,SELF,v_b,11,16.797103176607703,16.797102802862227,16.797102802862227,0.9999999777494089,0.00021095302468842638,0.9999999777494089,0.0006729300852280866,True
11,2,2,SELF,v_b,12,21.40988673781278,21.409886414979418,21.409886414979418,0.9999999849212952,0.00017365887930990116,0.9999999849212952,0.0006481340312899286,True
11,2,2,SELF,v_b,13,22.31554751731672,22.315547081830463,22.315547081830463,0.9999999804850741,0.00019755973435243976,0.9999999804850741,0.0006263853837429166,True
11,2,2,SELF,v_b,14,21.120278719765004,21.12027843423564,21.12027843423564,0.9999999864807957,0.00016443358968392204,0.9999999864807957,0.0006605736528541168,True
11,2,2,SELF,v_b,15,17.496995974743513,17.496995722494994,17.496995722494994,0.9999999855833241,0.00016980385229705016,0.9999999855833241,0.0006773452307886134,True
11,2,2,SELF,v_b,16,20.256350874798375,20.256350585370388,20.256350585370388,0.999999985711741,0.0001690458960739031,0.999999985711741,0.0006416825628680672,True
11,2,2,SELF,v_b,17,19.911009031444173,19.911008766621286,19.911008766621286,0.9999999866996752,0.00016309704607500065,0.9999999866996752,0.0006038785404525523,True
11,3,3,SELF,q_b,0,41.977045439455246,41.977041376642156,41.977041376642156,0.9999999032134576,0.0004399694039945418,0.9999999032134576,0.0015640998398638662,True
11,3,3,SELF,q_b,1,35.2076203236661,35.207616966599375,35.207616966599375,0.9999999046494283,0.0004366934111274771,0.9999999046494283,0.0015809359932891368,True
11,3,3,SELF,q_b,2,34.87445100821335,34.87444740517754,34.87444740517754,0.9999998966855189,0.00045456457459997277,0.9999998966855189,0.001562341528296836,True
11,3,3,SELF,q_b,3,40.06362115432781,40.06361729786381,40.06361729786381,0.9999999037415018,0.0004387675789990129,0.9999999037415018,0.0015854030178205514,True
11,3,3,SELF,q_b,4,35.26023324994036,35.26022979424844,35.26022979424844,0.999999901994638,0.0004427309743481851,0.999999901994638,0.0015773190115062328,True
11,3,3,SELF,q_b,5,38.06047212182743,38.06046846497205,38.06046846497205,0.9999999039198628,0.00043836088584477036,0.9999999039198628,0.0015714876532786724,True
11,3,3,SELF,q_b,6,41.64946057828601,41.64945666805273,41.64945666805273,0.999999906115632,0.0004333228915095221,0.999999906115632,0.0015570779399978795,True
11,3,3,SELF,q_b,7,40.53742502481094,40.53742135909616,40.53742135909616,0.999999909572086,0.0004252714672829836,0.999999909572086,0.0015756031511583789,True
11,3,3,SELF,q_b,8,44.52936056129721,44.52935651743469,44.52935651743469,0.9999999091866025,0.00042617694336447774,0.9999999091866025,0.001551141590289689,True
11,3,3,SELF,q_b,9,45.446067852522106,45.44606338326677,45.44606338326677,0.9999999016580411,0.0004434905958404896,0.9999999016580411,0.0015541922675818547,True
11,3,3,SELF,q_b,10,44.65712984670487,44.65712580819876,44.65712580819876,0.9999999095663755,0.00042528489427328764,0.9999999095663755,0.001559679501736284,True
11,3,3,SELF,q_b,11,34.62112166605451,34.62111760157679,34.62111760157679,0.9999998826012121,0.000484559143161401,0.9999998826012121,0.0015755369215169415,True
11,3,3,SELF,q_b,12,45.578198547557406,45.57819431452643,45.57819431452643,0.99999990712597,0.0004309849786814783,0.99999990712597,0.0015654807330514199,True
11,3,3,SELF,q_b,13,46.74651604039284,46.74651163375177,46.74651163375177,0.9999999057332729,0.0004342043826682344,0.9999999057332729,0.0015628692721269242,True
11,3,3,SELF,q_b,14,44.871324507917585,44.87132038418577,44.87132038418577,0.9999999080987276,0.00042872198076790376,0.9999999080987276,0.0015461831001035084,True
11,3,3,SELF,q_b,15,34.855578929265306,34.855575405496765,34.855575405496765,0.9999998989037437,0.0004496582077204954,0.9999998989037437,0.0015795993672662548,True
11,3,3,SELF,q_b,16,41.7441432087456,41.74413872163036,41.74413872163036,0.9999998925091067,0.0004636612724809688,0.9999998925091067,0.0015752398284367966,True
11,3,3,SELF,q_b,17,40.831168799914714,40.831164828614874,40.831164828614874,0.9999999027385217,0.00044104755771521333,0.9999999027385217,0.0015639404342383762,True
11,3,3,SELF,v_b,0,20.139348646604784,20.139348282657494,20.139348282657494,0.9999999819285471,0.0001901128670495958,0.9999999819285471,0.0006720704056596818,True
11,3,3,SELF,v_b,1,17.60180609694615,17.60180586596574,17.60180586596574,0.9999999868774598,0.00016200332452849994,0.9999999868774598,0.0006348889372441433,True
11,3,3,SELF,v_b,2,17.262446093794598,17.262445817060357,17.262445817060357,0.9999999839690019,0.00017905862858630278,0.9999999839690019,0.0006608491940140914,True
11,3,3,SELF,v_b,3,19.28123648894762,19.281236025334028,19.281236025334028,0.999999975955194,0.0002192934294927941,0.999999975955194,0.0006671818217659262,True
11,3,3,SELF,v_b,4,17.24617609293083,17.24617576828254,17.24617576828254,0.9999999811756364,0.00019403279064292923,0.9999999811756364,0.0006754327866275251,True
11,3,3,SELF,v_b,5,18.297022362734868,18.29702208110507,18.29702208110507,0.9999999846078891,0.00017545431986050125,0.9999999846078891,0.0006464814620101714,True
11,3,3,SELF,v_b,6,19.710228339045806,19.710228096649097,19.710228096649097,0.9999999877019837,0.00015683121340844875,0.9999999877019837,0.0006440590999213898,True
11,3,3,SELF,v_b,7,19.622667897946474,19.622667535087682,19.622667535087682,0.9999999815081826,0.00019231128667911916,0.9999999815081826,0.0006568164616260724,True
11,3,3,SELF,v_b,8,20.942683598275615,20.942683433298107,20.942683433298107,0.9999999921224275,0.00012551948741934915,0.9999999921224275,0.0006722018822739334,True
11,3,3,SELF,v_b,9,21.42557224379928,21.42557184750152,21.42557184750152,0.9999999815035157,0.00019233555517231236,0.9999999815035157,0.0006397314357873432,True
11,3,3,SELF,v_b,10,21.264367161337738,21.264366869309534,21.264366869309534,0.9999999862667813,0.00016573000372870972,0.9999999862667813,0.000645340740507137,True
11,3,3,SELF,v_b,11,16.904613063615464,16.904612727180936,16.904612727180936,0.9999999800980639,0.00019950906852228933,0.9999999800980639,0.000639712735755105,True
11,3,3,SELF,v_b,12,21.31048150794503,21.310481271199958,21.310481271199958,0.9999999888906747,0.000149059208283613,0.9999999888906747,0.0006152783072806918,True
11,3,3,SELF,v_b,13,22.182713603549548,22.182713263018982,22.182713263018982,0.9999999846488319,0.00017522081214444747,0.9999999846488319,0.0006644855165981201,True
11,3,3,SELF,v_b,14,21.002655705904463,21.002655367723552,21.002655367723552,0.9999999838981833,0.00017945369881436295,0.9999999838981833,0.0006745776401104764,True
11,3,3,SELF,v_b,15,17.49334907231991,17.493348786399423,17.493348786399423,0.9999999836554747,0.00018080112427787217,0.9999999836554747,0.0006448052359626018,True
11,3,3,SELF,v_b,16,20.1361652615492,20.136165042711202,20.136165042711202,0.9999999891320918,0.0001474307064682745,0.9999999891320918,0.0006275409588156067,True
11,3,3,SELF,v_b,17,19.722992841755218,19.72299261388128,19.72299261388128,0.99999998844628,0.000152011305142216,0.99999998844628,0.0006328264168079578,True
3,0,0,SELF,q_b,0,35.232689642298546,35.23268610939565,35.23268610939565,0.9999998997265628,0.0004478245931921902,0.9999998997265628,0.00157192389079217,True
3,0,0,SELF,q_b,1,30.851434217076694,30.851430820019402,30.851430820019402,0.9999998898898097,0.00046927643265261515,0.9999998898898097,0.0015622491970117714,True
3,0,0,SELF,q_b,2,28.475723945733264,28.475719873973265,28.475719873973265,0.99999985700943,0.0005347720277652436,0.99999985700943,0.0015622477511540954,True
3,0,0,SELF,q_b,3,34.68897438525412,34.688971053585085,34.688971053585085,0.999999903955966,0.0004382785192333219,0.999999903955966,0.0015685588124671787,True
3,0,0,SELF,q_b,4,29.895160888554955,29.895157260956935,29.895157260956935,0.9999998786560128,0.0004926336994727371,0.9999998786560128,0.001563480293184192,True
3,0,0,SELF,q_b,5,33.79381530685442,33.79381194593838,33.79381194593838,0.9999999005464163,0.00044599008879456567,0.9999999005464163,0.0015812165810879287,True
3,0,0,SELF,q_b,6,36.434398207842456,36.43439461432625,36.43439461432625,0.9999999013702331,0.00044413908433071583,0.9999999013702331,0.0015660356700163208,True
3,0,0,SELF,q_b,7,33.29304683285425,33.2930433272089,33.2930433272089,0.9999998947033785,0.0004589043843195526,0.9999998947033785,0.0015662654026097845,True
3,0,0,SELF,q_b,8,37.172622790712936,37.172619160263,37.172619160263,0.9999999023353838,0.00044196065963276294,0.9999999023353838,0.0015554871354279912,True
3,0,0,SELF,q_b,9,37.926955405268394,37.92695142516239,37.92695142516239,0.9999998950586474,0.00045812956249392973,0.9999998950586474,0.0015790003290799108,True
3,0,0,SELF,q_b,10,38.159717936730225,38.15971415822002,38.15971415822002,0.9999999009817051,0.0004450130134086472,0.9999999009817051,0.0015654747178057552,True
3,0,0,SELF,q_b,11,28.538929928928933,28.53892614814471,28.53892614814471,0.9999998675218646,0.0005147390166009794,0.9999998675218646,0.0015569679933611004,True
3,0,0,SELF,q_b,12,38.20373438704531,38.203730504893265,38.203730504893265,0.9999998983829171,0.0004508149923605762,0.9999998983829171,0.0015901316694184912,True
3,0,0,SELF,q_b,13,38.945697096967876,38.94569343632348,38.94569343632348,0.9999999060064483,0.0004335747874206894,0.9999999060064483,0.0015694428956422044,True
3,0,0,SELF,q_b,14,38.00858344804115,38.00857977150732,38.00857977150732,0.9999999032709589,0.00043983869145763097,0.9999999032709589,0.0015773365844681524,True
3,0,0,SELF,q_b,15,30.312522474227862,30.312519069504532,30.312519069504532,0.9999998876793136,0.00047396346046394485,0.9999998876793136,0.001576098605740763,True
3,0,0,SELF,q_b,16,36.86291899887536,36.862915091227585,36.862915091227585,0.9999998939951615,0.0004604450754007764,0.9999998939951615,0.001572669992350184,True
3,0,0,SELF,q_b,17,36.36531332393419,36.36530957880014,36.36530957880014,0.999999897013563,0.000453842335604625,0.999999897013563,0.0015651601500480397,True
3,0,0,SELF,v_b,0,22.447137089909962,22.44713680358901,22.44713680358901,0.9999999872446562,0.00015972064874562926,0.9999999872446562,0.0006392978194249458,True
3,0,0,SELF,v_b,1,19.259689749516223,19.259689383053125,19.259689383053125,0.9999999809725337,0.00019507673009129425,0.9999999809725337,0.0006375123878396521,True
3,0,0,SELF,v_b,2,16.824888758413167,16.82488848863243,16.82488848863243,0.9999999839653776,0.00017907887124950358,0.9999999839653776,0.0006178913988520609,True
3,0,0,SELF,v_b,3,22.20553695015685,22.20553660917898,22.20553660917898,0.9999999846444664,0.000175245727114511,0.9999999846444664,0.0006600932964350803,True
3,0,0,SELF,v_b,4,18.381934764583207,18.38193442322456,18.38193442322456,0.9999999814296672,0.00019271913063488493,0.9999999814296672,0.0006347141112867662,True
3,0,0,SELF,v_b,5,21.901153511535608,21.901153333783455,21.901153333783455,0.9999999918838909,0.00012740571525483288,0.9999999918838909,0.0006354644642390078,True
3,0,0,SELF,v_b,6,22.908139317378403,22.908138949919323,22.908138949919323,0.9999999839594532,0.00017911195280478315,0.9999999839594532,0.0006573389735838176,True
3,0,0,SELF,v_b,7,21.50283879178123,21.50283847772312,21.50283847772312,0.9999999853945746,0.00017091181640841298,0.9999999853945746,0.0006473558465183916,True
3,0,0,SELF,v_b,8,22.744407680374163,22.74440734296205,22.74440734296205,0.9999999851650516,0.00017224951463457074,0.9999999851650516,0.0006441219397039515,True
3,0,0,SELF,v_b,9,23.156609510630084,23.15660925518203,23.15660925518203,0.9999999889686764,0.0001485349974559463,0.9999999889686764,0.0006498355463236617,True
3,0,0,SELF,v_b,10,23.86981239163209,23.869812022163362,23.869812022163362,0.9999999845215067,0.0001759459703655021,0.9999999845215067,0.0006528664074487746,True
3,0,0,SELF,v_b,11,16.798535436498454,16.798535001952168,16.798535001952168,0.9999999741318945,0.00022745594740700817,0.9999999741318945,0.0006561547686912606,True
3,0,0,SELF,v_b,12,23.41462643741338,23.414626122456117,23.414626122456117,0.9999999865486958,0.00016402014043054235,0.9999999865486958,0.0006308669011939881,True
3,0,0,SELF,v_b,13,24.55083481835803,24.55083431124819,24.55083431124819,0.9999999793444971,0.0002032510860230485,0.9999999793444971,0.0006383155066575064,True
3,0,0,SELF,v_b,14,23.881649690486473,23.881649455130002,23.881649455130002,0.9999999901448823,0.0001403931407714506,0.9999999901448823,0.0006456951218132343,True
3,0,0,SELF,v_b,15,19.6712730144878,19.671272721185677,19.671272721185677,0.999999985089825,0.0001726856898712745,0.999999985089825,0.0006263207797808584,True
3,0,0,SELF,v_b,16,23.459666619402846,23.459666298561608,23.459666298561608,0.9999999863237086,0.0001653861584563039,0.9999999863237086,0.0006814530073325525,True
3,0,0,SELF,v_b,17,22.86377374762903,22.863773387387226,22.863773387387226,0.999999984243992,0.00017751623667601636,0.999999984243992,0.0006526687205361456,True
3,1,1,SELF,q_b,0,35.5819912317898,35.581987275417504,35.581987275417504,0.9999998888096995,0.0004715724659835212,0.9999998888096995,0.0015483763072992119,True
3,1,1,SELF,q_b,1,32.27810842857871,32.27810501768775,32.27810501768775,0.9999998943280407,0.0004597215565859772,0.9999998943280407,0.0015525213314579772,True
3,1,1,SELF,q_b,2,29.7612311373346,29.761227593683458,29.761227593683458,0.9999998809306266,0.0004879946054188393,0.9999998809306266,0.0015582154253641384,True
3,1,1,SELF,q_b,3,35.06030473719897,35.06030141022522,35.06030141022522,0.999999905107107,0.00043564409677868994,0.999999905107107,0.0015477233104344242,True
3,1,1,SELF,q_b,4,31.54171136306398,31.541707556681025,31.541707556681025,0.9999998793222439,0.0004912794519077214,0.9999998793222439,0.001569219024750322,True
3,1,1,SELF,q_b,5,35.12542069515036,35.12541689100199,35.12541689100199,0.9999998916981406,0.0004654070359132831,0.9999998916981406,0.0015806429991182401,True
3,1,1,SELF,q_b,6,36.5504837622636,36.550480154694874,36.550480154694874,0.9999999012990156,0.00044429940457144345,0.9999999012990156,0.0015680871334315572,True
3,1,1,SELF,q_b,7,34.15233119358847,34.15232775840333,34.15232775840333,0.9999998994157933,0.00044851800981425056,0.9999998994157933,0.001558993757958687,True
3,1,1,SELF,q_b,8,37.1327281147878,37.13272442215689,37.13272442215689,0.999999900555895,0.0004459688351906255,0.999999900555895,0.0015730731279939556,True
3,1,1,SELF,q_b,9,38.06920295362825,38.06919902428098,38.06919902428098,0.9999998967840941,0.0004543476677769978,0.9999998967840941,0.0015677831701417305,True
3,1,1,SELF,q_b,10,38.18088595649397,38.1808822162508,38.1808822162508,0.9999999020388587,0.00044263108243593663,0.9999999020388587,0.0015569591632957854,True
3,1,1,SELF,q_b,11,29.084985109579794,29.084981313438366,29.084981313438366,0.9999998694810599,0.0005109186479409334,0.9999998694810599,0.0015617793159630753,True
3,1,1,SELF,q_b,12,38.44464333057721,38.44463946451432,38.44463946451432,0.9999998994381907,0.00044846807025811756,0.9999998994381907,0.0015703146959182212,True
3,1,1,SELF,q_b,13,39.01874753992048,39.018743903969074,39.018743903969074,0.9999999068152712,0.0004317052824857757,0.9999999068152712,0.0015741635146198747,True
3,1,1,SELF,q_b,14,38.15704611041879,38.15704216141028,38.15704216141028,0.9999998965064408,0.00045495836040630304,0.9999998965064408,0.0015772021072016423,True
3,1,1,SELF,q_b,15,31.799066411827077,31.79906271235094,31.79906271235094,0.9999998836608569,0.00048236736454506616,0.9999998836608569,0.001567269162120465,True
3,1,1,SELF,q_b,16,37.48785332858778,37.48784939302222,37.48784939302222,0.9999998950175801,0.0004582191949480359,0.9999998950175801,0.0015778121830119184,True
3,1,1,SELF,q_b,17,36.92823085445681,36.9282273186979,36.9282273186979,0.9999999042532278,0.00043759974582114063,0.9999999042532278,0.0015739063540519858,True
3,1,1,SELF,v_b,0,21.611181419788696,21.611181114313013,21.611181114313013,0.9999999858649243,0.00016813729480123416,0.9999999858649243,0.0006322012214587479,True
3,1,1,SELF,v_b,1,19.404565464371643,19.40456521861499,19.40456521861499,0.9999999873351118,0.00015915330492434593,0.9999999873351118,0.0006523455587984794,True
3,1,1,SELF,v_b,2,16.902795300041927,16.902794968687086,16.902794968687086,0.9999999803964472,0.00019800783600297533,0.9999999803964472,0.0006727503064131488,True
3,1,1,SELF,v_b,3,21.347888518562137,21.34788820886801,21.34788820886801,0.9999999854929856,0.00017033504269323437,0.9999999854929856,0.0006597373552135533,True
3,1,1,SELF,v_b,4,18.567443192254448,18.56744273788807,18.56744273788807,0.9999999755288667,0.00022122898585750752,0.9999999755288667,0.0006681377044403063,True
3,1,1,SELF,v_b,5,21.46778816322115,21.467787915988986,21.467787915988986,0.9999999884835753,0.00015176576536378564,0.9999999884835753,0.0006807836769920057,True
3,1,1,SELF,v_b,6,22.001928692405148,22.001928342907355,22.001928342907355,0.9999999841151292,0.00017824067972188712,0.9999999841151292,0.000637499721661917,True
3,1,1,SELF,v_b,7,20.8161490617777,20.816148653954773,20.816148653954773,0.9999999804083394,0.00019794776861430073,0.9999999804083394,0.0006727629298087827,True
3,1,1,SELF,v_b,8,21.995328201248466,21.99532787032703,21.99532787032703,0.9999999849549217,0.00017346514027291425,0.9999999849549217,0.0006239789760512683,True
3,1,1,SELF,v_b,9,22.704539898148386,22.704539614275042,22.704539614275042,0.9999999874970669,0.00015813242882832808,0.9999999874970669,0.0006227029070311645,True
3,1,1,SELF,v_b,10,23.006538031772834,23.006537754177703,23.006537754177703,0.9999999879340764,0.00015534428000610928,0.9999999879340764,0.0006326190415451549,True
3,1,1,SELF,v_b,11,16.668606250941057,16.66860596214066,16.66860596214066,0.9999999826739925,0.00018615051114311918,0.9999999826739925,0.0006400816947204894,True
3,1,1,SELF,v_b,12,22.82211549501516,22.8221151186803,22.8221151186803,0.9999999835100799,0.0001816035212580848,0.9999999835100799,0.0006436954183895984,True
3,1,1,SELF,v_b,13,23.536634400141516,23.536634171867725,23.536634171867725,0.999999990301341,0.00013927425107266585,0.999999990301341,0.0006375567357000614,True
3,1,1,SELF,v_b,14,22.923268448169143,22.923268106877003,22.923268106877003,0.9999999851115411,0.00017255989248614,0.9999999851115411,0.0006954170272947588,True
3,1,1,SELF,v_b,15,19.799232988879957,19.799232624142185,19.799232624142185,0.9999999815781868,0.00019194693083630617,0.9999999815781868,0.0006559911851587475,True
3,1,1,SELF,v_b,16,22.821705710561233,22.82170546985702,22.82170546985702,0.9999999894528386,0.0001452388423763965,0.9999999894528386,0.0006490971317792345,True
3,1,1,SELF,v_b,17,22.08794496352976,22.08794460204827,22.08794460204827,0.9999999836344444,0.00018091740860216778,0.9999999836344444,0.0006633613620421271,True
3,2,2,SELF,q_b,0,35.54210129990768,35.542097456885855,35.542097456885855,0.9999998918740963,0.0004650288140907637,0.9999998918740963,0.0015736361118078072,True
3,2,2,SELF,q_b,1,31.51396379311729,31.513960139926,31.513960139926,0.9999998840770613,0.00048150375480581994,0.9999998840770613,0.0015664854246493528,True
3,2,2,SELF,q_b,2,29.522192929067437,29.52218894870352,29.52218894870352,0.9999998651738397,0.000519280564290893,0.9999998651738397,0.0015638687161816775,True
3,2,2,SELF,q_b,3,35.02881853457021,35.028815164495064,35.028815164495064,0.9999999037913555,0.0004386539430586763,0.9999999037913555,0.001552505152524289,True
3,2,2,SELF,q_b,4,31.3339163333722,31.333912508943264,31.333912508943264,0.9999998779460283,0.0004940727988698203,0.9999998779460283,0.0015758172373204692,True
3,2,2,SELF,q_b,5,34.550888930564554,34.55088527820771,34.55088527820771,0.9999998942905101,0.00045980318715393775,0.9999998942905101,0.0015587518810367296,True
3,2,2,SELF,q_b,6,36.61094201067423,36.61093853548247,36.61093853548247,0.9999999050777836,0.0004357114016209507,0.9999999050777836,0.001588914580000821,True
3,2,2,SELF,q_b,7,33.94126751638352,33.94126384883001,33.94126384883001,0.9999998919441206,0.00046487820924273924,0.9999998919441206,0.0015632766291476584,True
3,2,2,SELF,q_b,8,37.369360132528456,37.36935657228436,37.36935657228436,0.9999999047282564,0.00043651286373983693,0.9999999047282564,0.0015512254568412983,True
3,2,2,SELF,q_b,9,38.45458729054923,38.454583700655824,38.454583700655824,0.9999999066458996,0.00043209743567525726,0.9999999066458996,0.0015758571442875896,True
3,2,2,SELF,q_b,10,38.771755659396824,38.771751899247356,38.771751899247356,0.9999999030183337,0.0004404126759471697,0.9999999030183337,0.0015648508389042477,True
3,2,2,SELF,q_b,11,28.76737105236949,28.767366750291252,28.767366750291252,0.999999850452854,0.0005468951191680036,0.999999850452854,0.0015689722383743412,True
3,2,2,SELF,q_b,12,38.70332378351768,38.70331982742685,38.70331982742685,0.9999998977842096,0.00045214109764109555,0.9999998977842096,0.0015669661730360446,True
3,2,2,SELF,q_b,13,39.497856275838615,39.4978522155425,39.4978522155425,0.9999998972021144,0.00045342668916371534,0.9999998972021144,0.0015873606059023362,True
3,2,2,SELF,q_b,14,38.42366682267429,38.42366295592865,38.42366295592865,0.9999998993655222,0.0004486300780830573,0.9999998993655222,0.0015734254202394886,True
3,2,2,SELF,q_b,15,31.06575983732947,31.065756225668096,31.065756225668096,0.999999883741412,0.0004822003362764012,0.999999883741412,0.0015757684730291052,True
3,2,2,SELF,q_b,16,37.44930023684164,37.44929633788451,37.44929633788451,0.99999989588705,0.00045631775238768013,0.99999989588705,0.001578844121237463,True
3,2,2,SELF,q_b,17,37.16910620471529,37.1691025784427,37.1691025784427,0.9999999024385312,0.00044172721198572443,0.9999999024385312,0.0015778481322160115,True
3,2,2,SELF,v_b,0,21.213229140675104,21.21322882382291,21.21322882382291,0.9999999850634624,0.00017283828702966105,0.9999999850634624,0.0006680637306982206,True
3,2,2,SELF,v_b,1,18.477259396205554,18.477259176831247,18.477259176831247,0.9999999881273351,0.00015409518991120043,0.9999999881273351,0.0006522248913048311,True
3,2,2,SELF,v_b,2,16.307691577981657,16.30769124239722,16.30769124239722,0.999999979421708,0.00020287084880052795,0.999999979421708,0.0006757396957451306,True
3,2,2,SELF,v_b,3,20.881079806604692,20.881079512646053,20.881079512646053,0.9999999859222491,0.00016779600736190823,0.9999999859222491,0.0006570321554257187,True
3,2,2,SELF,v_b,4,17.880731132279077,17.880730811315264,17.880730811315264,0.9999999820497377,0.00018947433199101803,0.9999999820497377,0.0006603179531105869,True
3,2,2,SELF,v_b,5,20.797982124113958,20.7979818587983,20.7979818587983,0.9999999872432018,0.00015972975323406697,0.9999999872432018,0.0006874389397169652,True
3,2,2,SELF,v_b,6,21.732312617099684,21.73231220416773,21.73231220416773,0.9999999809991711,0.00019494013438409207,0.9999999809991711,0.0006665213186230717,True
3,2,2,SELF,v_b,7,20.465028185435504,20.465027886601646,20.465027886601646,0.9999999853978282,0.00017089277758014534,0.9999999853978282,0.0006391343962251771,True
3,2,2,SELF,v_b,8,21.708523164852945,21.708522798313883,21.708522798313883,0.9999999831154308,0.00018376380721626964,0.9999999831154308,0.0006511168576717861,True
3,2,2,SELF,v_b,9,22.475302781643197,22.47530227361465,22.47530227361465,0.9999999773961422,0.0002126210564742603,0.9999999773961422,0.0007017643908063761,True
3,2,2,SELF,v_b,10,22.936540880808664,22.936540556797333,22.936540556797333,0.9999999858735747,0.00016808583802919888,0.9999999858735747,0.0006547651270153003,True
3,2,2,SELF,v_b,11,16.466137052233552,16.466136630386572,16.466136630386572,0.9999999743809384,0.00022635838884954633,0.9999999743809384,0.0006147491593527337,True
3,2,2,SELF,v_b,12,22.342344541804685,22.342344142591205,22.342344142591205,0.999999982131979,0.00018903978506333954,0.999999982131979,0.0007010247799683523,True
3,2,2,SELF,v_b,13,23.12388162679302,23.1238813635695,23.1238813635695,0.9999999886168108,0.0001508853100596375,0.9999999886168108,0.000639050471830398,True
3,2,2,SELF,v_b,14,22.629542550946024,22.629542201149263,22.629542201149263,0.9999999845424732,0.0001758267669915551,0.9999999845424732,0.0006568378887760685,True
3,2,2,SELF,v_b,15,18.799542751717944,18.79954246186499,18.79954246186499,0.9999999845819147,0.0001756023015212496,0.9999999845819147,0.0006452993600975205,True
3,2,2,SELF,v_b,16,22.317469968089995,22.317469656997034,22.317469656997034,0.9999999860605633,0.00016696967305855788,0.9999999860605633,0.0006086191931371906,True
3,2,2,SELF,v_b,17,21.825292061176818,21.82529173757252,21.82529173757252,0.9999999851729683,0.00017220354687040926,0.9999999851729683,0.0006603616062294394,True
3,3,3,SELF,q_b,0,35.42980835455549,35.429804844539944,35.429804844539944,0.9999999009304394,0.00044512819872556686,0.9999999009304394,0.0015567775559715519,True
3,3,3,SELF,q_b,1,31.374403250306813,31.37439954716975,31.37439954716975,0.9999998819694822,0.00048586111565334246,0.9999998819694822,0.0015764120176194583,True
3,3,3,SELF,q_b,2,29.232287440116533,29.23228338509985,29.23228338509985,0.9999998612829499,0.0005267201184402515,0.9999998612829499,0.0015634791345316135,True
3,3,3,SELF,q_b,3,34.65215924878079,34.652155801619344,34.652155801619344,0.9999999005210203,0.000446047028192865,0.9999999005210203,0.0015758126924937197,True
3,3,3,SELF,q_b,4,30.57797757748905,30.577973803906033,30.577973803906033,0.999999876591478,0.0004968068343449038,0.999999876591478,0.0015736986754134974,True
3,3,3,SELF,q_b,5,34.46182120165661,34.46181769145777,34.46181769145777,0.9999998981423871,0.00045134822156645097,0.9999998981423871,0.0015810367760323214,True
3,3,3,SELF,q_b,6,36.55082880216359,36.550825232187236,36.550825232187236,0.999999902328443,0.0004419763637899197,0.999999902328443,0.001563079730953452,True
3,3,3,SELF,q_b,7,33.506325925871856,33.506322506226155,33.506322506226155,0.9999998979402962,0.00045179574948705787,0.9999998979402962,0.0015680183610223726,True
3,3,3,SELF,q_b,8,37.251502483879335,37.25149901998396,37.25149901998396,0.9999999070132708,0.0004312463932045035,0.9999999070132708,0.0015699693048572816,True
3,3,3,SELF,q_b,9,38.19871330745174,38.19870949817502,38.19870949817502,0.9999999002773552,0.0004465929704759685,0.9999999002773552,0.0015587369793118799,True
3,3,3,SELF,q_b,10,38.33136209521952,38.33135828969687,38.33135828969687,0.9999999007203909,0.00044559983170716036,0.9999999007203909,0.0015775426845729167,True
3,3,3,SELF,q_b,11,28.789941963062216,28.78993789967064,28.78993789967064,0.9999998588607236,0.0005312989131982862,0.9999998588607236,0.0015701619992302858,True
3,3,3,SELF,q_b,12,38.515667719992,38.51566374241233,38.51566374241233,0.999999896728269,0.0004544705195747049,0.999999896728269,0.0015835414966475574,True
3,3,3,SELF,q_b,13,39.28847500089556,39.288470892430006,39.288470892430006,0.9999998954282253,0.0004573221403405413,0.9999998954282253,0.0015829887937297057,True
3,3,3,SELF,q_b,14,38.26222982073152,38.262225890887684,38.262225890887684,0.999999897291824,0.00045322879788343176,0.999999897291824,0.0015797826747701068,True
3,3,3,SELF,q_b,15,30.639218834469013,30.639215318770145,30.639215318770145,0.9999998852549444,0.00047905124967540446,0.9999998852549444,0.0015755871967838525,True
3,3,3,SELF,q_b,16,37.14662980632087,37.146626251219914,37.146626251219914,0.9999999042954645,0.00043750321590589137,0.9999999042954645,0.0015642073913775016,True
3,3,3,SELF,q_b,17,36.63697007538434,36.636966393265816,36.636966393265816,0.9999998994971877,0.0004483364992864544,0.9999998994971877,0.0015757870654900634,True
3,3,3,SELF,v_b,0,22.30586751966205,22.305867040759814,22.305867040759814,0.9999999785302124,0.00020721865983586252,0.9999999785302124,0.0006523227632092666,True
3,3,3,SELF,v_b,1,19.188027104379138,19.188026850585565,19.188026850585565,0.9999999867733368,0.00016264478006833345,0.9999999867733368,0.0006603748027804665,True
3,3,3,SELF,v_b,2,16.973587311173,16.973586829889758,16.973586829889758,0.9999999716451666,0.0002381379094842408,0.9999999716451666,0.0006624851263658221,True
3,3,3,SELF,v_b,3,21.864627476517974,21.86462721691567,21.86462721691567,0.9999999881268362,0.00015409842833320045,0.9999999881268362,0.0006460268741929455,True
3,3,3,SELF,v_b,4,18.347943341502322,18.347943104405076,18.347943104405076,0.9999999870777208,0.0001607624216185498,0.9999999870777208,0.0006756887639658633,True
3,3,3,SELF,v_b,5,21.882531069647495,21.882530851940462,21.882530851940462,0.9999999900511036,0.00014105952967455616,0.9999999900511036,0.0006385857453893115,True
3,3,3,SELF,v_b,6,22.644028036911088,22.64402771804542,22.64402771804542,0.9999999859183328,0.0001678193460165335,0.9999999859183328,0.0006797903714049083,True
3,3,3,SELF,v_b,7,21.401178847453128,21.401178574196518,21.401178574196518,0.9999999872317029,0.00015980172783841727,0.9999999872317029,0.0006862766737888148,True
3,3,3,SELF,v_b,8,22.744196588690876,22.744196215792677,22.744196215792677,0.999999983604688,0.00018108181013781155,0.999999983604688,0.0006402436236504111,True
3,3,3,SELF,v_b,9,23.465963589558534,23.465963364537867,23.465963364537867,0.9999999904107638,0.000138486356947169,0.9999999904107638,0.0006315465310967444,True
3,3,3,SELF,v_b,10,23.918548999203225,23.91854870762716,23.91854870762716,0.9999999878096257,0.00015614335422392124,0.9999999878096257,0.0006296907276501487,True
3,3,3,SELF,v_b,11,16.739134726748887,16.73913429081445,16.73913429081445,0.9999999739571703,0.0002282228217584295,0.9999999739571703,0.000720930161571298,True
3,3,3,SELF,v_b,12,23.54090001851706,23.54089955242777,23.54089955242777,0.9999999802008721,0.00019899309983972358,0.9999999802008721,0.0006632551316936666,True
3,3,3,SELF,v_b,13,24.48980287433823,24.489802637705896,24.489802637705896,0.9999999903375157,0.0001390142697948098,0.9999999903375157,0.0006327441751843572,True
3,3,3,SELF,v_b,14,23.932404706207212,23.93240429505324,23.93240429505324,0.9999999828201981,0.00018536343414172994,0.9999999828201981,0.0006705742478888986,True
3,3,3,SELF,v_b,15,19.39353807101579,19.393537745564682,19.393537745564682,0.99999998321858,0.00018320163179022286,0.99999998321858,0.0006711494257226476,True
3,3,3,SELF,v_b,16,23.397945600812143,23.397945245584577,23.397945245584577,0.9999999848180019,0.00017425267345529217,0.9999999848180019,0.0006547240147188993,True
3,3,3,SELF,v_b,17,22.735633512194898,22.73563327963541,22.73563327963541,0.9999999897711456,0.00014303044193488785,0.9999999897711456,0.0006084320834413879,True
