optimizer_step,applied_lr,next_lr,mean_action_loss,gradient_norm_before_clip_max,global_action_queries,global_samples_per_task_this_step,global_task_count_this_step,step_seconds_max,max_cuda_reserved_bytes
1,1.986754966887417e-06,3.973509933774834e-06,0.132145838605033,0.014454314485192299,576,16,36,147.79864389495924,36115054592
2,3.973509933774834e-06,5.9602649006622515e-06,0.12984548095199797,0.01479185838252306,1152,16,36,148.9956592032686,36115054592
3,5.9602649006622515e-06,7.947019867549668e-06,0.1261248058742947,0.015535407699644566,1728,16,36,148.94372523901984,36115054592
4,7.947019867549668e-06,9.933774834437086e-06,0.1317950338125229,0.016132380813360214,2304,16,36,149.84365160483867,36115054592
5,9.933774834437086e-06,1.1920529801324503e-05,0.12601088401344088,0.015356075018644333,2880,16,36,149.12178427400067,36115054592
6,1.1920529801324503e-05,1.390728476821192e-05,0.12911680589119592,0.014600608497858047,3456,16,36,149.00451329071075,36115054592
7,1.390728476821192e-05,1.5894039735099336e-05,0.1299113937550121,0.01376454345881939,4032,16,36,148.88849394023418,36115054592
8,1.5894039735099336e-05,1.7880794701986755e-05,0.12803278780645794,0.01456722803413868,4608,16,36,149.1948013631627,36115054592
9,1.7880794701986755e-05,1.9867549668874173e-05,0.12402199622657564,0.014658312313258648,5184,16,36,149.0108221047558,36115054592
10,1.9867549668874173e-05,2.1854304635761588e-05,0.1275707880655924,0.0138523168861866,5760,16,36,149.3173823938705,36115054592
11,2.1854304635761588e-05,2.3841059602649006e-05,0.12730428328116733,0.013298711739480495,6336,16,36,148.73021561140195,36115054592
12,2.3841059602649006e-05,2.582781456953642e-05,0.1266727629635069,0.013667639344930649,6912,16,36,148.8123242110014,36115054592
13,2.582781456953642e-05,2.781456953642384e-05,0.12758593344026142,0.015106510370969772,7488,16,36,148.97674952680245,36115054592
14,2.781456953642384e-05,2.9801324503311254e-05,0.12643357780244616,0.0142432926222682,8064,16,36,149.14022835018113,36115054592
15,2.9801324503311254e-05,3.178807947019867e-05,0.12216021286116704,0.013509764336049557,8640,16,36,149.03734699590132,36115054592
16,3.178807947019867e-05,3.377483443708609e-05,0.12809453821844524,0.013986460864543915,9216,16,36,148.93289093161002,36115054592
17,3.377483443708609e-05,3.576158940397351e-05,0.1278300608197848,0.014783089980483055,9792,16,36,149.53515186859295,36115054592
18,3.576158940397351e-05,3.774834437086093e-05,0.12748379343085817,0.013271489180624485,10368,16,36,148.97431580210105,36115054592
19,3.774834437086093e-05,3.9735099337748346e-05,0.12392561717165841,0.015145781449973583,10944,16,36,149.7042914875783,36115054592
20,3.9735099337748346e-05,4.172185430463576e-05,0.1305929621060689,0.014295322820544243,11520,16,36,148.586936627049,36115054592
21,4.172185430463576e-05,4.3708609271523176e-05,0.12360665119356579,0.012698442675173283,12096,16,36,148.93273582216352,36115054592
22,4.3708609271523176e-05,4.5695364238410594e-05,0.12192450960477193,0.012781615369021893,12672,16,36,148.60986923705786,36115054592
23,4.5695364238410594e-05,4.768211920529801e-05,0.1248860458532969,0.013200381770730019,13248,16,36,148.6291017550975,36115054592
24,4.768211920529801e-05,4.966887417218543e-05,0.1244459839330779,0.01420445553958416,13824,16,36,148.96672983607277,36115054592
25,4.966887417218543e-05,5.165562913907284e-05,0.12729311900006401,0.011924983002245426,14400,16,36,149.00512152863666,36115054592
26,5.165562913907284e-05,5.364238410596026e-05,0.1250998361243142,0.01367694977670908,14976,16,36,149.00432773074135,36115054592
27,5.364238410596026e-05,5.562913907284768e-05,0.12399156805541779,0.013732829131186008,15552,16,36,148.85935589810833,36115054592
28,5.562913907284768e-05,5.76158940397351e-05,0.11975776238573921,0.012504853308200836,16128,16,36,148.76510311616585,36115054592
29,5.76158940397351e-05,5.960264900662251e-05,0.11989486548635694,0.01361186895519495,16704,16,36,148.8293615616858,36115054592
30,5.960264900662251e-05,6.158940397350993e-05,0.12411725603871876,0.012091271579265594,17280,16,36,149.41689292015508,36115054592
31,6.158940397350993e-05,6.357615894039734e-05,0.12477342287699383,0.012662508524954319,17856,16,36,148.75095587875694,36115054592
32,6.357615894039734e-05,6.556291390728476e-05,0.1269820291135046,0.01282364409416914,18432,16,36,148.8104493850842,36115054592
33,6.556291390728476e-05,6.754966887417218e-05,0.12350380586253272,0.012140688486397266,19008,16,36,148.84495745040476,36115054592
34,6.754966887417218e-05,6.95364238410596e-05,0.12419805841313467,0.010844485834240913,19584,16,36,148.63240971695632,36115054592
35,6.95364238410596e-05,7.152317880794702e-05,0.11928927650054294,0.013164549134671688,20160,16,36,148.6845746920444,36115054592
36,7.152317880794702e-05,7.350993377483444e-05,0.11734001172913443,0.010610464960336685,20736,16,36,148.54390523722395,36115054592
37,7.350993377483444e-05,7.549668874172185e-05,0.12695965501997206,0.011341080069541931,21312,16,36,148.74149158922955,36115054592
38,7.549668874172185e-05,7.748344370860926e-05,0.1176886972453859,0.011720583774149418,21888,16,36,148.63857359392568,36115054592
39,7.748344370860926e-05,7.947019867549669e-05,0.11692835059430863,0.010955879464745522,22464,16,36,148.64721215888858,36115054592
40,7.947019867549669e-05,8.14569536423841e-05,0.12004620747433768,0.011089869774878025,23040,16,36,148.581502197776,36115054592
41,8.14569536423841e-05,8.344370860927151e-05,0.12276156081093681,0.012457238510251045,23616,16,36,148.59253056393936,36115054592
42,8.344370860927151e-05,8.543046357615893e-05,0.11843215425809224,0.01250184141099453,24192,16,36,148.7290674811229,36115054592
43,8.543046357615893e-05,8.741721854304635e-05,0.1218582648370001,0.01097921933978796,24768,16,36,149.22131223976612,36115054592
44,8.741721854304635e-05,8.940397350993377e-05,0.12030903498331705,0.012044593691825867,25344,16,36,148.55953585822135,36115054592
45,8.940397350993377e-05,9.139072847682119e-05,0.1197222065594461,0.012490635737776756,25920,16,36,148.56460462976247,36115054592
46,9.139072847682119e-05,9.337748344370859e-05,0.12646384785572687,0.011788101866841316,26496,16,36,148.65074094804004,36115054592
47,9.337748344370859e-05,9.536423841059602e-05,0.1208260969983207,0.01190201286226511,27072,16,36,148.79293621331453,36115054592
48,9.536423841059602e-05,9.735099337748343e-05,0.1193161540561252,0.01118250098079443,27648,16,36,148.58464502496645,36115054592
49,9.735099337748343e-05,9.933774834437086e-05,0.12375628203153607,0.012216312810778618,28224,16,36,148.5963064758107,36115054592
50,9.933774834437086e-05,0.00010132450331125827,0.11986847387419806,0.012219587340950966,28800,16,36,150.34393746219575,36115054592
51,0.00010132450331125827,0.00010331125827814568,0.11982930327455202,0.012524064630270004,29376,16,36,76.04895405564457,35362177024
52,0.00010331125827814568,0.0001052980132450331,0.1186273367040687,0.011572856456041336,29952,16,36,74.94115577917546,35362177024
53,0.0001052980132450331,0.00010728476821192052,0.12177908586131202,0.012366478331387043,30528,16,36,75.43886020313948,35362177024
54,0.00010728476821192052,0.00010927152317880793,0.12478350392646259,0.011819512583315372,31104,16,36,75.62480568094179,35362177024
55,0.00010927152317880793,0.00011125827814569536,0.11819321993324491,0.00940990261733532,31680,16,36,75.51947488775477,35362177024
56,0.00011125827814569536,0.00011324503311258276,0.12388265464040968,0.01021501049399376,32256,16,36,75.41316377278417,35362177024
57,0.00011324503311258276,0.0001152317880794702,0.11417014524340628,0.010569730773568153,32832,16,36,75.06984561122954,35362177024
58,0.0001152317880794702,0.0001172185430463576,0.11281669139862059,0.010981595143675804,33408,16,36,75.4756612451747,35362177024
59,0.0001172185430463576,0.00011920529801324502,0.11835956490702099,0.01033954881131649,33984,16,36,75.39501786697656,35362177024
60,0.00011920529801324502,0.00012119205298013245,0.12147137232952646,0.01159435510635376,34560,16,36,75.23822402115911,35362177024
61,0.00012119205298013245,0.00012317880794701985,0.12177929654717443,0.010877016000449657,35136,16,36,75.29301199829206,35362177024
62,0.00012317880794701985,0.00012516556291390727,0.11984789330098364,0.010238757357001305,35712,16,36,75.34102107444778,35362177024
63,0.00012516556291390727,0.0001271523178807947,0.11744355824258591,0.01144260261207819,36288,16,36,75.41525752283633,35362177024
64,0.0001271523178807947,0.0001291390728476821,0.11693922388884756,0.011578683741390705,36864,16,36,75.44675581762567,35362177024
65,0.0001291390728476821,0.00013112582781456953,0.12262597845660314,0.011097146198153496,37440,16,36,75.30289580626413,35362177024
66,0.00013112582781456953,0.00013311258278145694,0.11657762486073706,0.010490292683243752,38016,16,36,75.2896520178765,35362177024
67,0.00013311258278145694,0.00013509933774834436,0.116625950154331,0.011218353174626827,38592,16,36,75.38650173926726,35362177024
68,0.00013509933774834436,0.00013708609271523178,0.11996324194802178,0.011916004121303558,39168,16,36,75.28825229173526,35362177024
69,0.00013708609271523178,0.0001390728476821192,0.11582309504350025,0.011266006156802177,39744,16,36,75.4843429219909,35362177024
70,0.0001390728476821192,0.00014105960264900662,0.11731251039438775,0.011049363762140274,40320,16,36,75.37267312407494,35362177024
71,0.00014105960264900662,0.00014304635761589404,0.11417820884121789,0.011041008867323399,40896,16,36,75.23467643372715,35362177024
72,0.00014304635761589404,0.00014503311258278145,0.11196853758560285,0.011328030377626419,41472,16,36,75.12843982782215,35362177024
73,0.00014503311258278145,0.00014701986754966887,0.11551323243313366,0.01358420867472887,42048,16,36,75.45347854867578,35362177024
74,0.00014701986754966887,0.00014900662251655626,0.128580540832546,0.012095700018107891,42624,16,36,75.28366453107446,35362177024
75,0.00014900662251655626,0.0001509933774834437,0.1140359987815221,0.012112250551581383,43200,16,36,75.18173425877467,35362177024
76,0.0001509933774834437,0.00015298013245033113,0.11293930932879448,0.010703999549150467,43776,16,36,75.30810862686485,35362177024
77,0.00015298013245033113,0.00015496688741721852,0.11730092763900755,0.012497740797698498,44352,16,36,75.45740605099127,35362177024
78,0.00015496688741721852,0.00015695364238410594,0.11395230516791344,0.010701012797653675,44928,16,36,75.48660965263844,35362177024
79,0.00015695364238410594,0.00015894039735099338,0.11756904837157992,0.010612156242132187,45504,16,36,75.48285472532734,35362177024
80,0.00015894039735099338,0.00016092715231788077,0.11511708299318948,0.010785289108753204,46080,16,36,75.59072172595188,35362177024
81,0.00016092715231788077,0.0001629139072847682,0.11683810502290724,0.011810943484306335,46656,16,36,75.72557220095769,35362177024
82,0.0001629139072847682,0.00016490066225165564,0.11337677016854286,0.011396855115890503,47232,16,36,75.23262009490281,35362177024
83,0.00016490066225165564,0.00016688741721854303,0.11829500479830636,0.012573149986565113,47808,16,36,75.23126838402823,35362177024
84,0.00016688741721854303,0.00016887417218543045,0.10882324601213136,0.013719886541366577,48384,16,36,75.20656788675115,35362177024
85,0.00016887417218543045,0.00017086092715231787,0.11696775919861263,0.012770695611834526,48960,16,36,75.25607106322423,35362177024
86,0.00017086092715231787,0.00017284768211920526,0.11479509332113796,0.012013843283057213,49536,16,36,75.51770220790058,35362177024
87,0.00017284768211920526,0.0001748344370860927,0.10958680593305162,0.011294212192296982,50112,16,36,75.34194545587525,35362177024
88,0.0001748344370860927,0.00017682119205298012,0.11220538988709448,0.01162364799529314,50688,16,36,75.364962446969,35362177024
89,0.00017682119205298012,0.00017880794701986754,0.11447007954120635,0.01364369597285986,51264,16,36,75.37980915326625,35362177024
90,0.00017880794701986754,0.00018079470198675493,0.11606862313217586,0.011488993652164936,51840,16,36,75.21214732108638,35362177024
91,0.00018079470198675493,0.00018278145695364238,0.10954839239517848,0.01333692017942667,52416,16,36,75.30875058704987,35362177024
92,0.00018278145695364238,0.0001847682119205298,0.11397991205255191,0.01231163926422596,52992,16,36,75.25137576879933,35362177024
93,0.0001847682119205298,0.00018675496688741718,0.11127393113242255,0.012671384029090405,53568,16,36,75.23839839501306,35362177024
94,0.00018675496688741718,0.00018874172185430463,0.11140070441696379,0.012896844185888767,54144,16,36,75.2408176898025,35362177024
95,0.00018874172185430463,0.00019072847682119205,0.11462097904748386,0.013022310100495815,54720,16,36,75.25450442405418,35362177024
96,0.00019072847682119205,0.00019271523178807944,0.1114273009200891,0.011702371761202812,55296,16,36,75.36439995514229,35362177024
97,0.00019271523178807944,0.00019470198675496686,0.1144963502883911,0.013690875843167305,55872,16,36,75.25595848588273,35362177024
98,0.00019470198675496686,0.0001966887417218543,0.11247880301541752,0.01146775297820568,56448,16,36,75.20204796921462,35362177024
99,0.0001966887417218543,0.00019867549668874172,0.1095558280746142,0.012759006582200527,57024,16,36,75.2714509787038,35362177024
100,0.00019867549668874172,0.0002006622516556291,0.1156485519475407,0.012614648789167404,57600,16,36,74.29461367893964,35362177024
101,0.0002006622516556291,0.00020264900662251653,0.11125334393646981,0.011235899291932583,58176,16,36,77.48016229225323,35362177024
102,0.00020264900662251653,0.00020463576158940398,0.11224072095420624,0.011616721749305725,58752,16,36,75.45324715971947,35362177024
103,0.00020463576158940398,0.00020662251655629137,0.11052316427230834,0.012918572872877121,59328,16,36,75.33287296071649,35362177024
104,0.00020662251655629137,0.00020860927152317879,0.1085643648273415,0.012192362919449806,59904,16,36,75.47918316302821,35362177024
105,0.00020860927152317879,0.0002105960264900662,0.1091972506708569,0.01339639164507389,60480,16,36,75.42105017136782,35362177024
106,0.0002105960264900662,0.00021258278145695362,0.11314134423931438,0.01395411416888237,61056,16,36,75.37641974491999,35362177024
107,0.00021258278145695362,0.00021456953642384104,0.10918566170665953,0.01291944645345211,61632,16,36,75.35186723573133,35362177024
108,0.00021456953642384104,0.00021655629139072846,0.1065602521929476,0.013856321573257446,62208,16,36,75.38908160617575,35362177024
109,0.00021655629139072846,0.00021854304635761585,0.11014729572667015,0.012868215329945087,62784,16,36,75.63441476784647,35362177024
110,0.00021854304635761585,0.0002205298013245033,0.11433002352714537,0.013661174103617668,63360,16,36,75.64909720001742,35362177024
111,0.0002205298013245033,0.00022251655629139071,0.11024927679035398,0.013886820524930954,63936,16,36,75.23937112791464,35362177024
112,0.00022251655629139071,0.00022450331125827813,0.10899970473514661,0.011754078790545464,64512,16,36,75.3956082961522,35362177024
113,0.00022450331125827813,0.00022649006622516552,0.11158316830794016,0.011553679592907429,65088,16,36,75.32226595282555,35362177024
114,0.00022649006622516552,0.00022847682119205297,0.11110522473851839,0.013847366906702518,65664,16,36,75.35665185702965,35362177024
115,0.00022847682119205297,0.0002304635761589404,0.10762284033828311,0.015932178124785423,66240,16,36,75.3946798699908,35362177024
116,0.0002304635761589404,0.00023245033112582778,0.11149168676800197,0.013904406689107418,66816,16,36,75.05428418703377,35362177024
117,0.00023245033112582778,0.0002344370860927152,0.11283075436949729,0.015206106007099152,67392,16,36,75.38434497825801,35362177024
118,0.0002344370860927152,0.00023642384105960264,0.10821307119395997,0.01329348236322403,67968,16,36,75.40924298623577,35362177024
119,0.00023642384105960264,0.00023841059602649003,0.11790324540601835,0.01277082972228527,68544,16,36,75.4297315091826,35362177024
120,0.00023841059602649003,0.00024039735099337745,0.1104082643157906,0.016002334654331207,69120,16,36,75.68826229777187,35362177024
121,0.00024039735099337745,0.0002423841059602649,0.11087220451898044,0.015446515753865242,69696,16,36,75.39156412426382,35362177024
122,0.0002423841059602649,0.0002443708609271523,0.11236289805836147,0.013332380913197994,70272,16,36,75.33647554507479,35362177024
123,0.0002443708609271523,0.0002463576158940397,0.1129254934688409,0.013770177960395813,70848,16,36,75.32107697194442,35362177024
124,0.0002463576158940397,0.00024834437086092715,0.11044261273410585,0.014574655331671238,71424,16,36,75.30380863789469,35362177024
125,0.00024834437086092715,0.00025033112582781454,0.10876940687497458,0.013146840035915375,72000,16,36,75.28920685732737,35362177024
126,0.00025033112582781454,0.00025231788079470193,0.1135665654308266,0.0159450676292181,72576,16,36,75.33168374979869,35362177024
127,0.00025231788079470193,0.0002543046357615894,0.10868744055430093,0.015403538011014462,73152,16,36,75.30013743881136,35362177024
128,0.0002543046357615894,0.0002562913907284768,0.10494795855548646,0.015002933330833912,73728,16,36,75.45748743694276,35362177024
129,0.0002562913907284768,0.0002582781456953642,0.11074290921290714,0.015722086653113365,74304,16,36,75.3407637393102,35362177024
130,0.0002582781456953642,0.0002602649006622516,0.10706248672472106,0.015092691406607628,74880,16,36,75.72454581875354,35362177024
131,0.0002602649006622516,0.00026225165562913905,0.11416107540329298,0.019053727388381958,75456,16,36,75.1657461267896,35362177024
132,0.00026225165562913905,0.00026423841059602644,0.10699756070971489,0.015199285000562668,76032,16,36,75.45532995695248,35362177024
133,0.00026423841059602644,0.0002662251655629139,0.1069489088323381,0.014749028719961643,76608,16,36,75.38832621276379,35362177024
134,0.0002662251655629139,0.0002682119205298013,0.11306009027693006,0.016190892085433006,77184,16,36,75.27725714724511,35362177024
135,0.0002682119205298013,0.0002701986754966887,0.11017731618550089,0.01896686479449272,77760,16,36,75.5624202718027,35362177024
136,0.0002701986754966887,0.0002721854304635761,0.10780962473816341,0.017195429652929306,78336,16,36,75.84717517299578,35362177024
137,0.0002721854304635761,0.00027417218543046356,0.1083861490090688,0.016759146004915237,78912,16,36,75.39749953476712,35362177024
138,0.00027417218543046356,0.00027615894039735095,0.11043295512596765,0.020605195313692093,79488,16,36,75.46505469316617,35362177024
139,0.00027615894039735095,0.0002781456953642384,0.10519088018271658,0.022491171956062317,80064,16,36,75.36805208772421,35362177024
140,0.0002781456953642384,0.0002801324503311258,0.10428246359030405,0.015294136479496956,80640,16,36,75.52734909020364,35362177024
141,0.0002801324503311258,0.00028211920529801324,0.10986861379610166,0.015148130245506763,81216,16,36,75.58644052781165,35362177024
142,0.00028211920529801324,0.00028410596026490063,0.10967480349871847,0.019171368330717087,81792,16,36,75.61210996797308,35362177024
143,0.00028410596026490063,0.00028609271523178807,0.10866932363973722,0.018396705389022827,82368,16,36,75.55863079987466,35362177024
144,0.00028609271523178807,0.00028807947019867546,0.10590626216597027,0.019268546253442764,82944,16,36,75.34786248672754,35362177024
145,0.00028807947019867546,0.0002900662251655629,0.10914164698786204,0.015358014032244682,83520,16,36,75.42660530097783,35362177024
146,0.0002900662251655629,0.0002920529801324503,0.10197529569268227,0.013887220062315464,84096,16,36,75.32797712786123,35362177024
147,0.0002920529801324503,0.00029403973509933775,0.1061993580725458,0.022856013849377632,84672,16,36,75.49018268333748,35362177024
148,0.00029403973509933775,0.00029602649006622514,0.10597946784562534,0.024109093472361565,85248,16,36,75.04398977803066,35362177024
149,0.00029602649006622514,0.00029801324503311253,0.10350036786662206,0.021393096074461937,85824,16,36,75.33148280996829,35362177024
150,0.00029801324503311253,0.0003,0.1090917413433393,0.01734122820198536,86400,16,36,74.40068631665781,35362177024
151,0.0003,0.00029999935097887954,0.10737010712424913,0.021161111071705818,86976,16,36,75.98028386430815,35362177024
152,0.00029999935097887954,0.0002999974039213283,0.10441793004671732,0.01958676055073738,87552,16,36,75.33101168368012,35362177024
153,0.0002999974039213283,0.0002999941588447763,0.11050796508789062,0.017700834199786186,88128,16,36,75.49202250968665,35362177024
154,0.0002999941588447763,0.00029998961577827355,0.10414786967966291,0.017833588644862175,88704,16,36,75.29093612125143,35362177024
155,0.00029998961577827355,0.0002999837747624896,0.10144932981994416,0.028791485354304314,89280,16,36,75.30683013424277,35362177024
156,0.0002999837747624896,0.0002999766358497134,0.10856510864363776,0.023088468238711357,89856,16,36,75.37611944414675,35362177024
157,0.0002999766358497134,0.00029996819910385256,0.10958326856295267,0.015153746120631695,90432,16,36,75.32729069003835,35362177024
158,0.00029996819910385256,0.00029995846460043296,0.10424618009063932,0.01834469474852085,91008,16,36,75.54676388110965,35362177024
159,0.00029995846460043296,0.00029994743242659806,0.11229389367832078,0.01799885928630829,91584,16,36,75.19289908790961,35362177024
160,0.00029994743242659806,0.00029993510268110795,0.10511604572335878,0.015014625154435635,92160,16,36,75.11651121312752,35362177024
161,0.00029993510268110795,0.0002999214754743388,0.10602893431981403,0.014798291027545929,92736,16,36,75.34936992591247,35362177024
162,0.0002999214754743388,0.0002999065509282816,0.10542627092864777,0.0170343816280365,93312,16,36,75.36401369795203,35362177024
163,0.0002999065509282816,0.000299890329176541,0.1057176273316145,0.01600676029920578,93888,16,36,75.34608840337023,35362177024
164,0.000299890329176541,0.00029987281036433446,0.10502774185604519,0.0172259584069252,94464,16,36,75.68648358434439,35362177024
165,0.00029987281036433446,0.0002998539946484906,0.11145370370811886,0.02702176757156849,95040,16,36,75.83630937989801,35362177024
166,0.0002998539946484906,0.000299833882197448,0.10143169263998666,0.016159240156412125,95616,16,36,75.65703041199595,35362177024
167,0.000299833882197448,0.00029981247319125375,0.10578842254148588,0.015124606899917126,96192,16,36,75.29432040406391,35362177024
168,0.00029981247319125375,0.0002997897678215615,0.10604253825214172,0.01612556353211403,96768,16,36,75.33523755008355,35362177024
169,0.0002997897678215615,0.0002997657662916301,0.11083956807851791,0.01637466624379158,97344,16,36,75.38672230299562,35362177024
170,0.0002997657662916301,0.00029974046881632154,0.11066402453515264,0.01591203548014164,97920,16,36,75.26493775798008,35362177024
171,0.00029974046881632154,0.00029971387562209936,0.1028050382932027,0.017449768260121346,98496,16,36,75.2860499159433,35362177024
172,0.00029971387562209936,0.0002996859869470261,0.10237209250529605,0.017786597833037376,99072,16,36,75.2176879439503,35362177024
173,0.0002996859869470261,0.0002996568030407617,0.1046324289507336,0.018509823828935623,99648,16,36,75.14587520901114,35362177024
174,0.0002996568030407617,0.0002996263241645609,0.10329217587908109,0.017535962164402008,100224,16,36,75.3096813983284,35362177024
175,0.0002996263241645609,0.00029959455059127107,0.10507910450299582,0.015159724280238152,100800,16,36,75.34919717814773,35362177024
176,0.00029959455059127107,0.0002995614826053298,0.10176792161332235,0.014289977960288525,101376,16,36,74.87603693082929,35362177024
177,0.0002995614826053298,0.00029952712050276207,0.10172725551658207,0.015734359622001648,101952,16,36,75.2482733828947,35362177024
178,0.00029952712050276207,0.0002994914645911781,0.104445640825563,0.01681354083120823,102528,16,36,75.22365697380155,35362177024
179,0.0002994914645911781,0.0002994545151897701,0.1071883344815837,0.017896639183163643,103104,16,36,75.31375216972083,35362177024
180,0.0002994545151897701,0.00029941627262930964,0.10205258222089872,0.015955915674567223,103680,16,36,75.27374747162685,35362177024
181,0.00029941627262930964,0.00029937673725214477,0.10258005104131168,0.01730077899992466,104256,16,36,75.32696468103677,35362177024
182,0.00029937673725214477,0.00029933590941219677,0.10275251128607325,0.015497838146984577,104832,16,36,75.10044894507155,35362177024
183,0.00029933590941219677,0.0002992937894749571,0.10421050298545095,0.021973636001348495,105408,16,36,75.40123925125226,35362177024
184,0.0002992937894749571,0.0002992503778174841,0.10386465365688005,0.021836934611201286,105984,16,36,75.45892851380631,35362177024
185,0.0002992503778174841,0.0002992056748283996,0.10802429873082373,0.021060088649392128,106560,16,36,75.10515596996993,35362177024
186,0.0002992056748283996,0.00029915968090788543,0.10527226328849791,0.017658624798059464,107136,16,36,75.10353042092174,35362177024
187,0.00029915968090788543,0.0002991123964676799,0.09986330030692947,0.023823153227567673,107712,16,36,75.22567476844415,35362177024
188,0.0002991123964676799,0.00029906382193107406,0.1086832582950592,0.015963122248649597,108288,16,36,75.48107948899269,35362177024
189,0.00029906382193107406,0.00029901395773290784,0.10466496149698892,0.015458382666110992,108864,16,36,75.38522818498313,35362177024
190,0.00029901395773290784,0.0002989628043195664,0.0998910789688428,0.023011088371276855,109440,16,36,75.40342419268563,35362177024
191,0.0002989628043195664,0.00029891036214897584,0.10510993914471732,0.018345335498452187,110016,16,36,75.51818293100223,35362177024
192,0.00029891036214897584,0.00029885663169059926,0.1092448689871364,0.01759692281484604,110592,16,36,75.78024312620983,35362177024
193,0.00029885663169059926,0.00029880161342543264,0.1072328674296538,0.021158505231142044,111168,16,36,75.53279475076124,35362177024
194,0.00029880161342543264,0.0002987453078460002,0.1038353041642242,0.01668025366961956,111744,16,36,75.15354553842917,35362177024
195,0.0002987453078460002,0.00029868771545635053,0.10018283956580692,0.018100200220942497,112320,16,36,75.16745917126536,35362177024
196,0.00029868771545635053,0.00029862883677205144,0.10337417531344625,0.01432865671813488,112896,16,36,75.14686665311456,35362177024
197,0.00029862883677205144,0.00029856867232018594,0.10641863817969957,0.01627308502793312,113472,16,36,75.22592859808356,35362177024
198,0.00029856867232018594,0.000298507222639347,0.09732592437002394,0.024185199290513992,114048,16,36,75.09575126739219,35362177024
199,0.000298507222639347,0.0002984444882796333,0.10487663580311668,0.01727813296020031,114624,16,36,75.26994132902473,35362177024
200,0.0002984444882796333,0.0002983804698026436,0.10357041615578863,0.01755053922533989,115200,16,36,74.36780612030998,35362177024
201,0.0002983804698026436,0.0002983151677814725,0.09619334091742832,0.020751742646098137,115776,16,36,76.21163821034133,35362177024
202,0.0002983151677814725,0.00029824858280070443,0.10238429283102352,0.02378465235233307,116352,16,36,75.36459126044065,35362177024
203,0.00029824858280070443,0.0002981807154564094,0.10129528492689131,0.024948935955762863,116928,16,36,75.21396537823603,35362177024
204,0.0002981807154564094,0.00029811156635613684,0.10229327488276693,0.02536088041961193,117504,16,36,75.30226982198656,35362177024
205,0.00029811156635613684,0.00029804113611891055,0.09988647326827049,0.019711557775735855,118080,16,36,75.29400917608291,35362177024
206,0.00029804113611891055,0.0002979694253752232,0.10629970787300003,0.02492576465010643,118656,16,36,75.39189725834876,35362177024
207,0.0002979694253752232,0.00029789643476703034,0.10117100882861349,0.017686281353235245,119232,16,36,75.50787573028356,35362177024
208,0.00029789643476703034,0.0002978221649477451,0.10084498425324757,0.018142681568861008,119808,16,36,75.37382100103423,35362177024
209,0.0002978221649477451,0.00029774661658223204,0.103507319258319,0.019276432693004608,120384,16,36,75.34165489301085,35362177024
210,0.00029774661658223204,0.00029766979034680127,0.10543649892012277,0.02514522895216942,120960,16,36,75.34938943106681,35362177024
211,0.00029766979034680127,0.0002975916869292025,0.10745903642641172,0.019663961604237556,121536,16,36,75.19228752562776,35362177024
212,0.0002975916869292025,0.0002975123070286186,0.10401488550835186,0.01687503047287464,122112,16,36,75.4011831022799,35362177024
213,0.0002975123070286186,0.00029743165135565986,0.10084146757920581,0.018000783398747444,122688,16,36,75.34530327282846,35362177024
214,0.00029743165135565986,0.00029734972063235693,0.10116106561488575,0.021767916157841682,123264,16,36,75.23715838603675,35362177024
215,0.00029734972063235693,0.000297266515592155,0.10699986211127704,0.016556013375520706,123840,16,36,75.20441647525877,35362177024
216,0.000297266515592155,0.0002971820369799069,0.10613111116819911,0.018391815945506096,124416,16,36,75.29889490781352,35362177024
217,0.0002971820369799069,0.00029709628555186634,0.10486537342270214,0.016434984281659126,124992,16,36,75.16070723021403,35362177024
218,0.00029709628555186634,0.0002970092620756816,0.10732873611980014,0.015388429164886475,125568,16,36,75.16839783126488,35362177024
219,0.0002970092620756816,0.00029692096733038815,0.10073556626836458,0.01581818237900734,126144,16,36,75.26652092207223,35362177024
220,0.00029692096733038815,0.0002968314021064018,0.10287116385168499,0.01558395754545927,126720,16,36,75.23029941599816,35362177024
221,0.0002968314021064018,0.0002967405672055119,0.09946022017134559,0.019959241151809692,127296,16,36,75.30575028434396,35362177024
222,0.0002967405672055119,0.0002966484634408739,0.10389046453767352,0.016383875161409378,127872,16,36,75.2098298529163,35362177024
223,0.0002966484634408739,0.00029655509163700207,0.09982089367177752,0.020339947193861008,128448,16,36,75.6640441431664,35362177024
224,0.00029655509163700207,0.0002964604526297623,0.10589864560299449,0.021700739860534668,129024,16,36,75.59717200603336,35362177024
225,0.0002964604526297623,0.00029636454726636436,0.10853533984886274,0.020330749452114105,129600,16,36,75.41034198831767,35362177024
226,0.00029636454726636436,0.0002962673764053547,0.10273238602611753,0.013891068287193775,130176,16,36,75.20752190984786,35362177024
227,0.0002962673764053547,0.0002961689409166082,0.10214057895872328,0.020095551386475563,130752,16,36,75.27327662939206,35362177024
228,0.0002961689409166082,0.000296069241681321,0.09921591956582332,0.017896374687552452,131328,16,36,75.34936154726893,35362177024
229,0.000296069241681321,0.00029596827959200213,0.10908547333545154,0.020576637238264084,131904,16,36,75.31037452491,35362177024
230,0.00029596827959200213,0.0002958660555524657,0.10540118316809335,0.017350483685731888,132480,16,36,75.29041644511744,35362177024
231,0.0002958660555524657,0.0002957625704778231,0.09990099320809046,0.018415572121739388,133056,16,36,75.21337862173095,35362177024
232,0.0002957625704778231,0.00029565782529447415,0.10193451783723301,0.02159886620938778,133632,16,36,75.12879953114316,35362177024
233,0.00029565782529447415,0.0002955518209400994,0.09986610503660308,0.019386328756809235,134208,16,36,75.27761066704988,35362177024
234,0.0002955518209400994,0.0002954445583636515,0.10487842932343483,0.017866171896457672,134784,16,36,75.2991975909099,35362177024
235,0.0002954445583636515,0.00029533603852534664,0.10429031898578006,0.02346174605190754,135360,16,36,75.44933306192979,35362177024
236,0.00029533603852534664,0.00029522626239665605,0.10113670552770296,0.018642306327819824,135936,16,36,75.38733620010316,35362177024
237,0.00029522626239665605,0.0002951152309602975,0.10410604005058606,0.017542783170938492,136512,16,36,75.17771261325106,35362177024
238,0.0002951152309602975,0.0002950029452102259,0.10086021448175111,0.015990514308214188,137088,16,36,75.42826461466029,35362177024
239,0.0002950029452102259,0.0002948894061516252,0.10455479472875592,0.019118377938866615,137664,16,36,75.2811951348558,35362177024
240,0.0002948894061516252,0.0002947746148008987,0.10252629551622602,0.019866440445184708,138240,16,36,75.24806203506887,35362177024
241,0.0002947746148008987,0.0002946585721856604,0.10031187948253419,0.016106901690363884,138816,16,36,75.15455325180665,35362177024
242,0.0002946585721856604,0.00029454127934472557,0.09950900574525197,0.017282767221331596,139392,16,36,75.2096983641386,35362177024
243,0.00029454127934472557,0.0002944227373281016,0.10051390073365635,0.020270690321922302,139968,16,36,75.26218230696395,35362177024
244,0.0002944227373281016,0.00029430294719697827,0.10205979810820684,0.01712094433605671,140544,16,36,75.20036103809252,35362177024
245,0.00029430294719697827,0.0002941819100237189,0.09812311869528559,0.017103996127843857,141120,16,36,75.38164159003645,35362177024
246,0.0002941819100237189,0.00029405962689185,0.10329587136705715,0.01672952063381672,141696,16,36,75.222079356201,35362177024
247,0.00029405962689185,0.0002939360988960521,0.09904132948981391,0.017307020723819733,142272,16,36,75.25943050300702,35362177024
248,0.0002939360988960521,0.0002938113271421497,0.09602134053905804,0.015947572886943817,142848,16,36,75.21074439724907,35362177024
249,0.0002938113271421497,0.00029368531274710156,0.10047550168302323,0.015486313961446285,143424,16,36,75.27204496785998,35362177024
250,0.00029368531274710156,0.0002935580568389904,0.1054790678123633,0.01673721708357334,144000,16,36,74.59144806535915,35362177024
251,0.0002935580568389904,0.0002934295605570131,0.10160155947475383,0.015672717243433,144576,16,36,31.847303299233317,35362177024
252,0.0002934295605570131,0.00029329982505147035,0.09786464209254417,0.02052118442952633,145152,16,36,31.221133172046393,35362177024
253,0.00029329982505147035,0.0002931688514837564,0.1015442092385557,0.01709665358066559,145728,16,36,31.410973302088678,35362177024
254,0.0002931688514837564,0.00029303664102634864,0.09802029810897592,0.0171209704130888,146304,16,36,31.44289642525837,35362177024
255,0.00029303664102634864,0.00029290319486279724,0.10434970132903092,0.020489191636443138,146880,16,36,31.541278156917542,35362177024
256,0.00029290319486279724,0.0002927685141877142,0.10213298742504169,0.01985842175781727,147456,16,36,31.474193019326776,35362177024
257,0.0002927685141877142,0.000292632600206763,0.09959712113615955,0.01890881173312664,148032,16,36,31.45807277597487,35362177024
258,0.000292632600206763,0.00029249545413664776,0.10596429457008424,0.02134575881063938,148608,16,36,31.460691209416837,35362177024
259,0.00029249545413664776,0.00029235707720510226,0.10300337167508486,0.020463204011321068,149184,16,36,31.493357041850686,35362177024
260,0.00029235707720510226,0.0002922174706508788,0.09900723177836174,0.015985820442438126,149760,16,36,31.47025188570842,35362177024
261,0.0002922174706508788,0.00029207663572373743,0.10678084869869053,0.016071604564785957,150336,16,36,31.647539949044585,35362177024
262,0.00029207663572373743,0.00029193457368443474,0.09831563163445228,0.01680392026901245,150912,16,36,31.546096197795123,35362177024
263,0.00029193457368443474,0.00029179128580471216,0.10207044401775218,0.020881827920675278,151488,16,36,31.5271088257432,35362177024
264,0.00029179128580471216,0.00029164677336728504,0.10219068153916548,0.01992844231426716,152064,16,36,31.560997894965112,35362177024
265,0.00029164677336728504,0.00029150103766583096,0.09870544748587741,0.014128614217042923,152640,16,36,31.24408554797992,35362177024
266,0.00029150103766583096,0.00029135408000497814,0.09903151305237164,0.016193518415093422,153216,16,36,31.461959799285978,35362177024
267,0.00029135408000497814,0.0002912059017002939,0.10237393459667347,0.0190644022077322,153792,16,36,31.38343131914735,35362177024
268,0.0002912059017002939,0.00029105650407827265,0.09966266331159405,0.023547083139419556,154368,16,36,31.39239898091182,35362177024
269,0.00029105650407827265,0.00029090588847632424,0.09740948796065317,0.0172160342335701,154944,16,36,31.432667009998113,35362177024
270,0.00029090588847632424,0.00029075405624276186,0.09960088709421042,0.021253148093819618,155520,16,36,31.47279641777277,35362177024
271,0.00029075405624276186,0.00029060100873679,0.10175703581060387,0.019763799384236336,156096,16,36,31.457085319794714,35362177024
272,0.00029060100873679,0.00029044674732849236,0.10480199557625584,0.01540597714483738,156672,16,36,31.409757013898343,35362177024
273,0.00029044674732849236,0.0002902912733988194,0.1049038119898695,0.0172943864017725,157248,16,36,31.374999368097633,35362177024
274,0.0002902912733988194,0.0002901345883395761,0.10098274013337989,0.01657375693321228,157824,16,36,31.286046599969268,35362177024
275,0.0002901345883395761,0.0002899766935534096,0.10173686117761664,0.016125155612826347,158400,16,36,31.455820410046726,35362177024
276,0.0002899766935534096,0.0002898175904537964,0.09861455732283908,0.016233552247285843,158976,16,36,31.343622900079936,35362177024
277,0.0002898175904537964,0.00028965728046503,0.09593421370825835,0.01682988367974758,159552,16,36,31.4679017146118,35362177024
278,0.00028965728046503,0.0002894957650222078,0.0988236823791845,0.017221730202436447,160128,16,36,31.40225438401103,35362177024
279,0.0002894957650222078,0.00028933304557121864,0.10321152047254145,0.015702493488788605,160704,16,36,31.398941080085933,35362177024
280,0.00028933304557121864,0.0002891691235687295,0.10160917301093124,0.01620054431259632,161280,16,36,31.383845144882798,35362177024
281,0.0002891691235687295,0.00028900400048217266,0.10165942601290427,0.016654249280691147,161856,16,36,31.354298351798207,35362177024
282,0.00028900400048217266,0.0002888376777897326,0.09398499199758388,0.018845895305275917,162432,16,36,31.280335950199515,35362177024
283,0.0002888376777897326,0.00028867015698033253,0.10470563588508715,0.018955189734697342,163008,16,36,31.554751728195697,35362177024
284,0.00028867015698033253,0.00028850143955362145,0.09875977686088946,0.019815078005194664,163584,16,36,31.4152262955904,35362177024
285,0.00028850143955362145,0.00028833152701996035,0.10087931180735014,0.01876227743923664,164160,16,36,31.422747815027833,35362177024
286,0.00028833152701996035,0.00028816042090040874,0.10096267111495964,0.01701638288795948,164736,16,36,31.45080812415108,35362177024
287,0.00028816042090040874,0.00028798812272671137,0.09847860872590293,0.018304254859685898,165312,16,36,31.40741375600919,35362177024
288,0.00028798812272671137,0.0002878146340412841,0.09514862985815854,0.017390798777341843,165888,16,36,31.423292821273208,35362177024
289,0.0002878146340412841,0.0002876399563972004,0.10041047269219741,0.01808413304388523,166464,16,36,31.49017323879525,35362177024
290,0.0002876399563972004,0.00028746409135817707,0.09914714711097379,0.017367396503686905,167040,16,36,31.24655138142407,35362177024
291,0.00028746409135817707,0.0002872870404985609,0.09689847789963502,0.01809101179242134,167616,16,36,31.411822147201747,35362177024
292,0.0002872870404985609,0.0002871088054033137,0.10049197381724499,0.01706736907362938,168192,16,36,31.395530365407467,35362177024
293,0.0002871088054033137,0.0002869293876679989,0.09850027666996336,0.017728719860315323,168768,16,36,31.390657446347177,35362177024
294,0.0002869293876679989,0.00028674878889876676,0.09757953283325252,0.016852278262376785,169344,16,36,31.431492482777685,35362177024
295,0.00028674878889876676,0.0002865670107123404,0.09842796754350679,0.018424907699227333,169920,16,36,31.398457730654627,35362177024
296,0.0002865670107123404,0.0002863840547360008,0.10021804010547283,0.01946932077407837,170496,16,36,31.467599522788078,35362177024
297,0.0002863840547360008,0.0002861999226075728,0.0929579526030769,0.020801279693841934,171072,16,36,31.37527742004022,35362177024
298,0.0002861999226075728,0.00028601461597541,0.09815888250401864,0.01841024123132229,171648,16,36,31.402945035137236,35362177024
299,0.00028601461597541,0.00028582813649838027,0.10023377278250538,0.020534276962280273,172224,16,36,29.80710410932079,35362177024
300,0.00028582813649838027,0.00028564048584585073,0.10543524260477473,0.017304157838225365,172800,16,36,29.836232784669846,35362177024
301,0.00028564048584585073,0.00028545166569767297,0.09628024178608838,0.0194995179772377,173376,16,36,32.00962693290785,35362177024
302,0.00028545166569767297,0.00028526167774416784,0.09859386685356084,0.019045133143663406,173952,16,36,31.215290474705398,35362177024
303,0.00028526167774416784,0.00028507052368611043,0.10516293418024565,0.018051376566290855,174528,16,36,31.316189968027174,35362177024
304,0.00028507052368611043,0.0002848782052347148,0.09910428062236556,0.01974990963935852,175104,16,36,31.461155395023525,35362177024
305,0.0002848782052347148,0.0002846847241116188,0.10400942181392261,0.024340027943253517,175680,16,36,31.483835191000253,35362177024
306,0.0002846847241116188,0.0002844900820488684,0.1017820640053186,0.021809939295053482,176256,16,36,31.360013084951788,35362177024
307,0.0002844900820488684,0.0002842942807889022,0.09829125535260472,0.01962410844862461,176832,16,36,31.345217244699597,35362177024
308,0.0002842942807889022,0.0002840973220845363,0.09764480354109159,0.026454050093889236,177408,16,36,31.451413081027567,35362177024
309,0.0002840973220845363,0.000283899207698948,0.09841838112980543,0.028845714405179024,177984,16,36,31.392650317866355,35362177024
310,0.000283899207698948,0.00028369993940566035,0.09736252543775159,0.01657162979245186,178560,16,36,31.370687088929117,35362177024
311,0.00028369993940566035,0.0002834995189885261,0.09657258557207468,0.020268147811293602,179136,16,36,31.43558110902086,35362177024
312,0.0002834995189885261,0.00028329794824171205,0.09865801723208278,0.016761645674705505,179712,16,36,31.48080326290801,35362177024
313,0.00028329794824171205,0.0002830952289696826,0.10181052285608731,0.021739250048995018,180288,16,36,31.382079113274813,35362177024
314,0.0002830952289696826,0.0002828913629871838,0.09696914778194494,0.017468491569161415,180864,16,36,31.436941603198647,35362177024
315,0.0002828913629871838,0.000282686352119227,0.09890479007218447,0.017131643369793892,181440,16,36,31.449268037918955,35362177024
316,0.000282686352119227,0.00028248019820107273,0.09457446273881942,0.018721768632531166,182016,16,36,31.50395741406828,35362177024
317,0.00028248019820107273,0.0002822729030782141,0.10324029923261455,0.0168042853474617,182592,16,36,31.333039340097457,35362177024
318,0.0002822729030782141,0.0002820644686063602,0.10014673565617864,0.018375124782323837,183168,16,36,31.321000340860337,35362177024
319,0.0002820644686063602,0.0002818548966514196,0.09984181563939072,0.019887540489435196,183744,16,36,31.358692225068808,35362177024
320,0.0002818548966514196,0.00028164418908948377,0.10026088924819812,0.021315179765224457,184320,16,36,31.43229509703815,35362177024
321,0.00028164418908948377,0.00028143234780681,0.09844966407399625,0.015560582280158997,184896,16,36,31.30192394508049,35362177024
322,0.00028143234780681,0.00028121937469980475,0.09599710737044613,0.017911188304424286,185472,16,36,31.427157434169203,35362177024
323,0.00028121937469980475,0.00028100527167500657,0.1001228714853318,0.02175476774573326,186048,16,36,31.38147740671411,35362177024
324,0.00028100527167500657,0.000280790040649069,0.10060900896011542,0.01765216514468193,186624,16,36,31.328156930860132,35362177024
325,0.000280790040649069,0.0002805736835487436,0.09845234090203628,0.027357736602425575,187200,16,36,31.421179013792425,35362177024
326,0.0002805736835487436,0.0002803562023108624,0.09759346676421247,0.018338825553655624,187776,16,36,31.360565745737404,35362177024
327,0.0002803562023108624,0.00028013759888232076,0.1011024422607281,0.019913246855139732,188352,16,36,31.336502206977457,35362177024
328,0.00028013759888232076,0.0002799178752200601,0.1013627281386612,0.020555799826979637,188928,16,36,31.41131017403677,35362177024
329,0.0002799178752200601,0.0002796970332910499,0.09664192408995911,0.020284520462155342,189504,16,36,31.45642288401723,35362177024
330,0.0002796970332910499,0.00027947507507227056,0.09612838168525034,0.01824808493256569,190080,16,36,31.460012273862958,35362177024
331,0.00027947507507227056,0.0002792520025506955,0.09619015065901396,0.023015478625893593,190656,16,36,31.313273794017732,35362177024
332,0.0002792520025506955,0.0002790278177232735,0.09763772943471041,0.01610838808119297,191232,16,36,31.38148014480248,35362177024
333,0.0002790278177232735,0.00027880252259691033,0.10084625906569678,0.018385721370577812,191808,16,36,31.396369052119553,35362177024
334,0.00027880252259691033,0.00027857611918845164,0.10186606426982,0.019325818866491318,192384,16,36,31.290912135969847,35362177024
335,0.00027857611918845164,0.00027834860952466423,0.09489107794231838,0.018098482862114906,192960,16,36,31.40804809331894,35362177024
336,0.00027834860952466423,0.00027811999564221804,0.09923199887594415,0.017936071380972862,193536,16,36,31.373959213960916,35362177024
337,0.00027811999564221804,0.00027789027958766816,0.09890190687858398,0.017932089045643806,194112,16,36,31.35953884292394,35362177024
338,0.00027789027958766816,0.00027765946341743624,0.09981288873435308,0.017784249037504196,194688,16,36,31.409048868808895,35362177024
339,0.00027765946341743624,0.0002774275491977922,0.09248600779877354,0.018894637003540993,195264,16,36,31.359831775072962,35362177024
340,0.0002774275491977922,0.00027719453900483564,0.09820260583526558,0.018598774448037148,195840,16,36,31.427461081184447,35362177024
341,0.00027719453900483564,0.00027696043492447754,0.09990339317462509,0.017758158966898918,196416,16,36,31.28690927568823,35362177024
342,0.00027696043492447754,0.00027672523905242116,0.09317621981932057,0.016964593902230263,196992,16,36,31.444740653038025,35362177024
343,0.00027672523905242116,0.00027648895349414364,0.10356736577685093,0.021511856466531754,197568,16,36,31.432320703286678,35362177024
344,0.00027648895349414364,0.00027625158036487685,0.10052984342392948,0.019052274525165558,198144,16,36,31.295448562130332,35362177024
345,0.00027625158036487685,0.00027601312178958886,0.09254678086532901,0.018698658794164658,198720,16,36,31.44991617789492,35362177024
346,0.00027601312178958886,0.0002757735799029644,0.09602477305775717,0.021653303876519203,199296,16,36,31.3852772237733,35362177024
347,0.0002757735799029644,0.0002755329568493862,0.09850575190244451,0.018184049054980278,199872,16,36,31.39928737701848,35362177024
348,0.0002755329568493862,0.0002752912547829155,0.09624740582269926,0.017267586663365364,200448,16,36,31.3827767749317,35362177024
349,0.0002752912547829155,0.000275048475867273,0.0963644583373227,0.016307517886161804,201024,16,36,29.9083782536909,35362177024
350,0.000275048475867273,0.0002748046222758192,0.09569009628871249,0.016384540125727654,201600,16,36,29.826276362873614,35362177024
351,0.0002748046222758192,0.00027455969619153537,0.09629351555162834,0.01859411783516407,202176,16,36,31.52980047976598,35362177024
352,0.00027455969619153537,0.0002743136998070035,0.09768106981128868,0.01588982343673706,202752,16,36,30.928385897073895,35362177024
353,0.0002743136998070035,0.00027406663532438707,0.09948788292240351,0.019108647480607033,203328,16,36,31.191015519201756,35362177024
354,0.00027406663532438707,0.0002738185049554111,0.10233546838733472,0.021593328565359116,203904,16,36,31.330958727747202,35362177024
355,0.0002738185049554111,0.00027356931092134253,0.1018900910599364,0.017181338742375374,204480,16,36,31.477592207025737,35362177024
356,0.00027356931092134253,0.0002733190554529702,0.09571806851050092,0.016714246943593025,205056,16,36,31.350550977047533,35362177024
357,0.0002733190554529702,0.00027306774079058485,0.10199536079178669,0.017417997121810913,205632,16,36,31.316372854169458,35362177024
358,0.00027306774079058485,0.0002728153691839594,0.09896692865165986,0.016830848529934883,206208,16,36,31.385150853078812,35362177024
359,0.0002728153691839594,0.0002725619428923282,0.10169181689464797,0.017454607412219048,206784,16,36,31.403557664249092,35362177024
360,0.0002725619428923282,0.0002723074641843674,0.10312412437310237,0.018599599599838257,207360,16,36,31.36360837938264,35362177024
361,0.0002723074641843674,0.00027205193533817425,0.09707969336563514,0.01680901274085045,207936,16,36,31.45420055789873,35362177024
362,0.00027205193533817425,0.0002717953586412471,0.08994762439073789,0.015870433300733566,208512,16,36,31.309876568615437,35362177024
363,0.0002717953586412471,0.0002715377363904643,0.09517308561286579,0.01673406921327114,209088,16,36,31.314290176145732,35362177024
364,0.0002715377363904643,0.00027127907089206444,0.10115432837564083,0.020772356539964676,209664,16,36,31.500136915128678,35362177024
365,0.00027127907089206444,0.0002710193644616249,0.0975711126682452,0.02060122601687908,210240,16,36,31.389431737829,35362177024
366,0.0002710193644616249,0.0002707586194240417,0.09842445304255105,0.015361088328063488,210816,16,36,31.402952309697866,35362177024
367,0.0002707586194240417,0.00027049683811350845,0.10242802475113424,0.019930601119995117,211392,16,36,31.35752546135336,35362177024
368,0.00027049683811350845,0.0002702340228734955,0.10147678880538377,0.016340646892786026,211968,16,36,31.27882172819227,35362177024
369,0.0002702340228734955,0.0002699701760567289,0.0991932999006369,0.017839543521404266,212544,16,36,31.362825606949627,35362177024
370,0.0002699701760567289,0.0002697053000251695,0.09941759991407809,0.01844601519405842,213120,16,36,31.357946334872395,35362177024
371,0.0002697053000251695,0.0002694393971499915,0.09760212014791451,0.016543271020054817,213696,16,36,31.347816376946867,35362177024
372,0.0002694393971499915,0.0002691724698115617,0.09671667990429948,0.019162725657224655,214272,16,36,31.39671000558883,35362177024
373,0.0002691724698115617,0.00026890452039941766,0.09637625316261418,0.020116060972213745,214848,16,36,31.40682202996686,35362177024
374,0.00026890452039941766,0.00026863555131224676,0.09688464087796293,0.017086787149310112,215424,16,36,31.27003540005535,35362177024
375,0.00026863555131224676,0.0002683655649578643,0.09804052616366081,0.016721932217478752,216000,16,36,31.335985052865,35362177024
376,0.0002683655649578643,0.0002680945637531924,0.09648361708968876,0.015018499456346035,216576,16,36,31.38848260510713,35362177024
377,0.0002680945637531924,0.0002678225501242379,0.09830385584953345,0.018707633018493652,217152,16,36,31.415959304198623,35362177024
378,0.0002678225501242379,0.00026754952650607117,0.09764984586379594,0.014834027737379074,217728,16,36,31.37867212574929,35362177024
379,0.00026754952650607117,0.00026727549534280375,0.09218600435027231,0.01690160669386387,218304,16,36,31.362113575916737,35362177024
380,0.00026727549534280375,0.0002670004590875669,0.10136779576229552,0.01985827460885048,218880,16,36,31.439676855225116,35362177024
381,0.0002670004590875669,0.0002667244202024894,0.10044206646529752,0.017786609008908272,219456,16,36,31.42983129993081,35362177024
382,0.0002667244202024894,0.00026644738115867565,0.1009285003464255,0.017558911815285683,220032,16,36,31.44441897375509,35362177024
383,0.00026644738115867565,0.0002661693444361834,0.09432405913766059,0.01984954997897148,220608,16,36,31.519836716353893,35362177024
384,0.0002661693444361834,0.00026589031252400176,0.09706478521952198,0.021586988121271133,221184,16,36,31.451059984974563,35362177024
385,0.00026589031252400176,0.0002656102879200286,0.100966172085868,0.015367111191153526,221760,16,36,31.469788713846356,35362177024
386,0.0002656102879200286,0.00026532927313104867,0.09368067270972663,0.017184734344482422,222336,16,36,31.456631746143103,35362177024
387,0.00026532927313104867,0.0002650472706727105,0.0941081182875981,0.01853630691766739,222912,16,36,31.43450747570023,35362177024
388,0.0002650472706727105,0.00026476428306950465,0.09885764704085885,0.015881532803177834,223488,16,36,31.393062819726765,35362177024
389,0.00026476428306950465,0.0002644803128547404,0.09560801246617404,0.015650060027837753,224064,16,36,31.424814342986792,35362177024
390,0.0002644803128547404,0.00026419536257052357,0.09689355412653337,0.019690869376063347,224640,16,36,31.47658360004425,35362177024
391,0.00026419536257052357,0.0002639094347677334,0.09750331031520747,0.027710530906915665,225216,16,36,31.457028119359165,35362177024
392,0.0002639094347677334,0.00026362253200600016,0.09780594908321896,0.015169237740337849,225792,16,36,31.404403820168227,35362177024
393,0.00026362253200600016,0.0002633346568536817,0.09674181195441633,0.016492288559675217,226368,16,36,31.436987473629415,35362177024
394,0.0002633346568536817,0.0002630458118878408,0.10279469289040814,0.023913951590657234,226944,16,36,31.372706598136574,35362177024
395,0.0002630458118878408,0.00026275599969422214,0.09991466260463414,0.01844705641269684,227520,16,36,31.38012621831149,35362177024
396,0.00026275599969422214,0.00026246522286722893,0.10170463373004976,0.018548380583524704,228096,16,36,31.400948544964194,35362177024
397,0.00026246522286722893,0.0002621734840098998,0.09868791691648462,0.020449161529541016,228672,16,36,31.367465746589005,35362177024
398,0.0002621734840098998,0.0002618807857338855,0.09862651026600766,0.022471796721220016,229248,16,36,31.42232255404815,35362177024
399,0.0002618807857338855,0.0002615871306594256,0.095253335001568,0.018967345356941223,229824,16,36,29.841021216008812,35362177024
400,0.0002615871306594256,0.0002612925214153248,0.10450946321038321,0.02719256468117237,230400,16,36,29.89398800395429,35362177024
401,0.0002612925214153248,0.0002609969606389296,0.09658081870939997,0.014729257673025131,230976,16,36,31.55123014980927,35362177024
402,0.0002609969606389296,0.00026070045097610465,0.10128957298325583,0.019567664712667465,231552,16,36,30.914209419395775,35362177024
403,0.00026070045097610465,0.0002604029950812091,0.09730033837776217,0.02240251563489437,232128,16,36,31.192317514214665,35362177024
404,0.0002604029950812091,0.0002601045956170725,0.09748877365038627,0.022995924577116966,232704,16,36,31.36954037984833,35362177024
405,0.0002601045956170725,0.0002598052552549718,0.1016983376401994,0.02282571792602539,233280,16,36,31.332434803247452,35362177024
406,0.0002598052552549718,0.00025950497667460624,0.09746912824145207,0.015526771545410156,233856,16,36,31.32220509601757,35362177024
407,0.00025950497667460624,0.0002592037625640745,0.09490541512301812,0.015596703626215458,234432,16,36,31.363904932979494,35362177024
408,0.0002592037625640745,0.0002589016156198498,0.09979582881917144,0.022849148139357567,235008,16,36,31.412156058941036,35362177024
409,0.0002589016156198498,0.00025859853854675647,0.09433937808757442,0.0278135035187006,235584,16,36,31.363309137988836,35362177024
410,0.00025859853854675647,0.000258294534057945,0.09803011599514219,0.02779395319521427,236160,16,36,31.30959357134998,35362177024
411,0.000258294534057945,0.00025798960487486826,0.09165798526050317,0.01603003777563572,236736,16,36,31.413632464129478,35362177024
412,0.00025798960487486826,0.0002576837537272571,0.09793080089406833,0.02725185826420784,237312,16,36,31.42876059282571,35362177024
413,0.0002576837537272571,0.0002573769833530956,0.0982141232299101,0.028648829087615013,237888,16,36,31.33498927205801,35362177024
414,0.0002573769833530956,0.000257069296498597,0.1011065071862605,0.029353542253375053,238464,16,36,31.479412047658116,35362177024
415,0.000257069296498597,0.00025676069591817874,0.09175588300503376,0.017396267503499985,239040,16,36,31.41674706991762,35362177024
416,0.00025676069591817874,0.00025645118437443796,0.09758680985153964,0.017659539356827736,239616,16,36,31.35357422567904,35362177024
417,0.00025645118437443796,0.0002561407646381268,0.09706037450167868,0.018408937379717827,240192,16,36,31.4608566891402,35362177024
418,0.0002561407646381268,0.0002558294394881276,0.09884982857490995,0.02553614228963852,240768,16,36,31.498480287380517,35362177024
419,0.0002558294394881276,0.0002555172117114278,0.09984417671027282,0.02650228515267372,241344,16,36,31.43771608080715,35362177024
420,0.0002555172117114278,0.0002552040841030954,0.09448163475220403,0.017574097961187363,241920,16,36,31.363995355088264,35362177024
421,0.0002552040841030954,0.00025489005946625345,0.10182303086751039,0.017125781625509262,242496,16,36,31.323618299793452,35362177024
422,0.00025489005946625345,0.00025457514061205547,0.0977828064804069,0.01752401515841484,243072,16,36,31.499517981894314,35362177024
423,0.00025457514061205547,0.00025425933035965983,0.09557346645225254,0.01695881597697735,243648,16,36,31.37056993925944,35362177024
424,0.00025425933035965983,0.0002539426315362049,0.09694684834943876,0.021922394633293152,244224,16,36,31.41853572567925,35362177024
425,0.0002539426315362049,0.00025362504697678325,0.097313501406461,0.022013770416378975,244800,16,36,31.417950273957103,35362177024
426,0.00025362504697678325,0.00025330657952441697,0.09461927408766416,0.017582863569259644,245376,16,36,31.403583912178874,35362177024
427,0.00025330657952441697,0.00025298723203003156,0.09408742250202018,0.01733355037868023,245952,16,36,31.38388924486935,35362177024
428,0.00025298723203003156,0.0002526670073524306,0.09512612578045163,0.02477463148534298,246528,16,36,31.400332409888506,35362177024
429,0.0002526670073524306,0.00025234590835827056,0.09712771180137578,0.021699151024222374,247104,16,36,31.375390025787055,35362177024
430,0.00025234590835827056,0.0002520239379220344,0.09792068837365757,0.023358242586255074,247680,16,36,31.41774154920131,35362177024
431,0.0002520239379220344,0.00025170109892600655,0.10178117615739919,0.018040673807263374,248256,16,36,31.367210587020963,35362177024
432,0.00025170109892600655,0.0002513773942602467,0.10123869626679353,0.017688876017928123,248832,16,36,31.45969079528004,35362177024
433,0.0002513773942602467,0.00025105282682256396,0.0954417958855629,0.021492984145879745,249408,16,36,31.266401289962232,35362177024
434,0.00025105282682256396,0.00025072739951849106,0.10076189117454407,0.018490925431251526,249984,16,36,31.428919706027955,35362177024
435,0.00025072739951849106,0.0002504011152612583,0.09659523102972242,0.017371555790305138,250560,16,36,31.428012971766293,35362177024
436,0.0002504011152612583,0.00025007397697176734,0.09420016890443447,0.01678670011460781,251136,16,36,31.351890028920025,35362177024
437,0.00025007397697176734,0.00024974598757856526,0.09620088499246372,0.016938015818595886,251712,16,36,31.434642081148922,35362177024
438,0.00024974598757856526,0.00024941715001781814,0.10167553908346842,0.01627408154308796,252288,16,36,31.399571747053415,35362177024
439,0.00024941715001781814,0.0002490874672332849,0.09713921857635595,0.016019655391573906,252864,16,36,31.391050487291068,35362177024
440,0.0002490874672332849,0.0002487569421762909,0.09912839621150246,0.01845758967101574,253440,16,36,31.496158824302256,35362177024
441,0.0002487569421762909,0.00024842557780570165,0.09776126702005665,0.017654167488217354,254016,16,36,31.39741082303226,35362177024
442,0.00024842557780570165,0.0002480933770878961,0.10223363302389368,0.018538543954491615,254592,16,36,31.363695608917624,35362177024
443,0.0002480933770878961,0.00024776034299674003,0.10156579579537113,0.020934805274009705,255168,16,36,31.44284003600478,35362177024
444,0.00024776034299674003,0.00024742647851355997,0.09685891926185125,0.01939217932522297,255744,16,36,31.543786624912173,35362177024
445,0.00024742647851355997,0.0002470917866271159,0.09721618003418876,0.020910462364554405,256320,16,36,31.412324607837945,35362177024
446,0.0002470917866271159,0.00024675627033357475,0.09783563007497124,0.01589374616742134,256896,16,36,31.573971203994006,35362177024
447,0.00024675627033357475,0.00024641993263648345,0.0935628278594878,0.018822425976395607,257472,16,36,31.582074297126383,35362177024
448,0.00024641993263648345,0.00024608277654674244,0.09441683487966657,0.013984067365527153,258048,16,36,31.569723807275295,35362177024
449,0.00024608277654674244,0.00024574480508257813,0.09744270434344394,0.01905781961977482,258624,16,36,29.94991227425635,35362177024
450,0.00024574480508257813,0.00024540602126951636,0.09772679987104818,0.016774741932749748,259200,16,36,29.911028823815286,35362177024
451,0.00024540602126951636,0.000245066428140355,0.09444972920593703,0.014706016518175602,259776,16,36,31.567852239124477,35362177024
452,0.000245066428140355,0.000244726028735137,0.09688925255452178,0.017021233215928078,260352,16,36,30.99758449709043,35362177024
453,0.000244726028735137,0.0002443848261011231,0.10103036010534398,0.01553102396428585,260928,16,36,31.165219794027507,35362177024
454,0.0002443848261011231,0.0002440428232927646,0.09947452862333094,0.019245829433202744,261504,16,36,31.377150599844754,35362177024
455,0.0002440428232927646,0.00024370002337167587,0.09080434613861144,0.015110884793102741,262080,16,36,31.389310668222606,35362177024
456,0.00024370002337167587,0.00024335642940660716,0.10383751542152217,0.017896100878715515,262656,16,36,31.426904160063714,35362177024
457,0.00024335642940660716,0.00024301204447341686,0.09428476935459508,0.015898993238806725,263232,16,36,31.34728511981666,35362177024
458,0.00024301204447341686,0.00024266687165504434,0.09643774090283033,0.017926257103681564,263808,16,36,31.355263784062117,35362177024
459,0.00024266687165504434,0.00024232091404148188,0.09666521695908159,0.01610509492456913,264384,16,36,31.269977152813226,35362177024
460,0.00024232091404148188,0.00024197417472974743,0.09922420812977685,0.015313372947275639,264960,16,36,31.537108440883458,35362177024
461,0.00024197417472974743,0.00024162665682385672,0.09781933960039169,0.016956789419054985,265536,16,36,31.340273245237768,35362177024
462,0.00024162665682385672,0.00024127836343479535,0.09283400998295595,0.017977815121412277,266112,16,36,31.329378410242498,35362177024
463,0.00024127836343479535,0.00024092929768049115,0.09743807221659356,0.01950862444937229,266688,16,36,31.43344508484006,35362177024
464,0.00024092929768049115,0.0002405794626857861,0.09536851298374435,0.019838325679302216,267264,16,36,31.428855396807194,35362177024
465,0.0002405794626857861,0.00024022886158240857,0.09476863237149599,0.019696179777383804,267840,16,36,31.34470671415329,35362177024
466,0.00024022886158240857,0.00023987749750894495,0.09092146325080346,0.016072237864136696,268416,16,36,31.41916063800454,35362177024
467,0.00023987749750894495,0.00023952537361081197,0.09870556532405318,0.01693309284746647,268992,16,36,31.36949231196195,35362177024
468,0.00023952537361081197,0.00023917249304022812,0.09766522387508304,0.01723600924015045,269568,16,36,31.398932740092278,35362177024
469,0.00023917249304022812,0.0002388188589561857,0.10013986866559006,0.01835787296295166,270144,16,36,31.389579325914383,35362177024
470,0.0002388188589561857,0.00023846447452442266,0.09277594674171673,0.014630225487053394,270720,16,36,31.384029352106154,35362177024
471,0.00023846447452442266,0.00023810934291739372,0.10058411289679095,0.015619104728102684,271296,16,36,31.432116544805467,35362177024
472,0.00023810934291739372,0.00023775346731424259,0.09583647242592028,0.014681098982691765,271872,16,36,31.36011769482866,35362177024
473,0.00023775346731424259,0.00023739685090077312,0.09877026557094519,0.017517967149615288,272448,16,36,31.192018853966147,35362177024
474,0.00023739685090077312,0.00023703949686942107,0.09240100592271322,0.020230596885085106,273024,16,36,31.498693901114166,35362177024
475,0.00023703949686942107,0.00023668140841922515,0.0956753012077469,0.015285652130842209,273600,16,36,31.34887534659356,35362177024
476,0.00023668140841922515,0.00023632258875579877,0.09794685187646084,0.02002996951341629,274176,16,36,31.30433203605935,35362177024
477,0.00023632258875579877,0.000235963041091301,0.09754169080406429,0.021597018465399742,274752,16,36,31.322061436250806,35362177024
478,0.000235963041091301,0.00023560276864440823,0.0945611260831356,0.016237804666161537,275328,16,36,31.37008782988414,35362177024
479,0.00023560276864440823,0.00023524177464028485,0.09584179246384236,0.016509946435689926,275904,16,36,31.32077011698857,35362177024
480,0.00023524177464028485,0.00023488006231055483,0.09654444177997196,0.019227076321840286,276480,16,36,31.382317539770156,35362177024
481,0.00023488006231055483,0.00023451763489327254,0.09737776206909783,0.019422652199864388,277056,16,36,31.450009469408542,35362177024
482,0.00023451763489327254,0.00023415449563289373,0.09855290141422303,0.01695636287331581,277632,16,36,31.290210870094597,35362177024
483,0.00023415449563289373,0.0002337906477802468,0.09737849729653034,0.017373863607645035,278208,16,36,31.413780853152275,35362177024
484,0.0002337906477802468,0.00023342609459250325,0.09820589931526533,0.020180625841021538,278784,16,36,31.54247551271692,35362177024
485,0.00023342609459250325,0.0002330608393331489,0.09867503127962765,0.020915010944008827,279360,16,36,31.569226751103997,35362177024
486,0.0002330608393331489,0.00023269488527195446,0.09800609736703336,0.02078247256577015,279936,16,36,31.492788958828896,35362177024
487,0.00023269488527195446,0.00023232823568494635,0.09962126276352339,0.02081168256700039,280512,16,36,31.62644610973075,35362177024
488,0.00023232823568494635,0.0002319608938543774,0.0928722903934411,0.019576795399188995,281088,16,36,31.5397530910559,35362177024
489,0.0002319608938543774,0.0002315928630686972,0.09681054375444849,0.01774713024497032,281664,16,36,31.424518344923854,35362177024
490,0.0002315928630686972,0.00023122414662252313,0.0963925695978105,0.015349059365689754,282240,16,36,31.478126558009535,35362177024
491,0.00023122414662252313,0.00023085474781661054,0.09110128356971674,0.019366376101970673,282816,16,36,31.266132784076035,35362177024
492,0.00023085474781661054,0.00023048466995782322,0.09546879134399609,0.017143918201327324,283392,16,36,31.497322855051607,35362177024
493,0.00023048466995782322,0.00023011391635910386,0.09902843607900044,0.017367566004395485,283968,16,36,31.38435543095693,35362177024
494,0.00023011391635910386,0.0002297424903394444,0.09693577236288951,0.016018135473132133,284544,16,36,31.280055013950914,35362177024
495,0.0002297424903394444,0.00022937039522385636,0.09475056682195929,0.015375224873423576,285120,16,36,31.413837824948132,35362177024
496,0.00022937039522385636,0.00022899763434334092,0.09873717168294309,0.016240498051047325,285696,16,36,31.322225292678922,35362177024
497,0.00022899763434334092,0.00022862421103485924,0.09644980128440592,0.01636921614408493,286272,16,36,31.303844294976443,35362177024
498,0.00022862421103485924,0.00022825012864130263,0.09482541552279145,0.017754871398210526,286848,16,36,31.42857142072171,35362177024
499,0.00022825012864130263,0.00022787539051146233,0.10394458820681192,0.018619388341903687,287424,16,36,29.838609176687896,35362177024
500,0.00022787539051146233,0.00022749999999999997,0.09543649597455643,0.01545797474682331,288000,16,36,29.81745847966522,35362177024
