study,task_group,start,end,exposures,flow_loss_mean,flow_loss_median,flow_loss_p95,teaching_loss_mean,teaching_loss_median,teaching_loss_p95,fm_lora_gradient_norm_mean,fm_lora_gradient_norm_median,fm_lora_gradient_norm_p95,teaching_lora_gradient_norm_mean,teaching_lora_gradient_norm_median,teaching_lora_gradient_norm_p95
old,common20,1,200,667,0.12620403590386248,0.12097453929129098,0.19088603485198247,0.07845214415604117,0.06708268821239471,0.16085284948349,0.015074590348807544,0.012257443740963936,0.0306381918489933,0.010001712500863336,0.008170955814421177,0.022536514326930046
old,common20,201,400,665,0.11693579085035175,0.11081220564388093,0.17590181742395672,0.06780594982402889,0.060311511158943176,0.13851633667945862,0.012693261444792712,0.011113816872239113,0.024123607203364372,0.008627616884396937,0.007227963302284479,0.017064262181520462
old,common20,401,600,668,0.11109337840512891,0.10751556268050558,0.1623626791295551,0.061994156538101725,0.05429212749004364,0.12538550794124603,0.011757346636247626,0.010751043912023306,0.01997009851038456,0.0078288247794175,0.006827676901593804,0.01580617018043995
old,common20,601,800,666,0.10827102079048878,0.10462368776400885,0.16154739828336806,0.05978551862884436,0.05337051674723625,0.12350121885538101,0.010840921015296882,0.010199511889368296,0.01673559658229351,0.007473671347197906,0.006579031003639102,0.013514183461666107
old,common20,801,1000,668,0.10599274451052756,0.10217328884062313,0.154202034785634,0.0565109791786237,0.05006079003214836,0.11716628819704056,0.01068454502989722,0.009915275499224663,0.01706581376492977,0.007201962680995051,0.0066961972042918205,0.012950330972671509
old,common20,1001,1200,666,0.10306141994297972,0.09996693386208444,0.15158217506749289,0.05469043236701293,0.04648529551923275,0.12235260754823685,0.01019639610075154,0.009807114955037832,0.01555150467902422,0.007215570446590448,0.0064035155810415745,0.013187161646783352
old,common20,1201,1400,665,0.09980904213267865,0.0950513868814423,0.14778797292993182,0.054965596112485665,0.04672282934188843,0.11944107711315155,0.009469291482372839,0.009049017913639545,0.014298079535365105,0.006900840115740447,0.006308467127382755,0.01298476755619049
old,common20,1401,1600,667,0.09814775454898654,0.09398748654694783,0.14989739993498438,0.0510667453979378,0.04346701130270958,0.11010395735502243,0.009099962235871015,0.008571344427764416,0.013974901288747787,0.006888484179476524,0.006329580210149288,0.012317913584411144
old,common20,1601,1800,668,0.0981189503314811,0.09526191864694868,0.14445958818708146,0.0500646511456667,0.04221995733678341,0.11661373823881149,0.008974282669801333,0.008490060456097126,0.013502856716513634,0.006933681472186501,0.006352149648591876,0.013048473745584488
old,common20,1801,2000,668,0.09816830301413533,0.09534335136413574,0.1455968256507601,0.05015661152327868,0.043178804218769073,0.10480011254549026,0.009091853384419294,0.00874787149950862,0.013405362144112587,0.007001498633574605,0.006248827092349529,0.012686568312346935
old,common20,2001,2100,332,0.098418904597723,0.09530270206076757,0.14851605430954978,0.05103073214427624,0.04416717030107975,0.11077799648046494,0.009055618520725114,0.008808476850390434,0.013600299134850502,0.006973940277393593,0.006435425486415625,0.013086165301501751
old,old_only4,1,200,133,0.13813781872194297,0.13467800759133836,0.206786219562803,0.08971013848606806,0.07926412671804428,0.18047478795051575,0.012416235363825147,0.011568006128072739,0.02058943174779415,0.009368735901255133,0.008361071348190308,0.01852516457438469
old,old_only4,201,400,135,0.12339297548540895,0.11680325333561214,0.1914983405953362,0.08180080218999475,0.07199934870004654,0.19079650938510895,0.010947895939979288,0.009950203821063042,0.018108291551470757,0.009010309246541174,0.008173788897693157,0.015523561276495457
old,old_only4,401,600,132,0.11731233291494596,0.1115284203773453,0.1772083824589139,0.07280750006832408,0.06428823992609978,0.15835732221603394,0.011065792295884228,0.01028430787846446,0.017122440040111542,0.0076992787583025565,0.006943527143448591,0.013962162658572197
old,old_only4,601,800,134,0.11474508727492277,0.11375091615177335,0.17484246052446817,0.06742876588797836,0.05770277604460716,0.1431092917919159,0.010252402567151767,0.010044338647276163,0.014822801575064659,0.008034359201538697,0.007165845250710845,0.01611226424574852
old,old_only4,801,1000,132,0.11207565839011302,0.10645234975076856,0.16997589596680232,0.06388405081110471,0.058359671384096146,0.13102157413959503,0.01071900729739079,0.01029581157490611,0.015327907167375088,0.008062746153551747,0.00757964258082211,0.015090996399521828
old,old_only4,1001,1200,134,0.11129445646172646,0.10789974220097065,0.17232653072902132,0.06153756228567504,0.053646715357899666,0.12469072639942169,0.010425524925118062,0.010300892870873213,0.015491059981286526,0.007941734448853714,0.007034370908513665,0.014089659787714481
old,old_only4,1201,1400,135,0.10702135345883786,0.10575773886271886,0.16099458294255392,0.0569327806364055,0.048196177929639816,0.1156194880604744,0.009963373536313021,0.009813725017011166,0.01597927138209343,0.007132759695458743,0.006726314779371023,0.011742758564651012
old,old_only4,1401,1600,133,0.10296780852393526,0.09684985201983223,0.14984172014963057,0.05391958614993364,0.04825182259082794,0.11321645975112915,0.009372686533103311,0.009043893776834011,0.013645908795297146,0.00741825158763817,0.006774446927011013,0.013941583223640919
old,old_only4,1601,1800,132,0.10114253924630076,0.09514258908373968,0.15153799312455313,0.060011478888830454,0.0511062815785408,0.12873822450637817,0.009407358868470923,0.00943168206140399,0.013599886558949947,0.007510838074129865,0.007140301167964935,0.013120944611728191
old,old_only4,1801,2000,132,0.10239060210873081,0.09532068315006438,0.1533117386556807,0.05348715051712299,0.050515804439783096,0.10436931997537613,0.009359883461994204,0.009244257118552923,0.014016297645866871,0.007829282393989464,0.006811140803620219,0.015367425046861172
old,old_only4,2001,2100,68,0.103970846097332,0.09619448972599845,0.1616485338835489,0.06202948772731949,0.053442902863025665,0.1276702582836151,0.00986958686810206,0.009771684184670448,0.013422856107354164,0.008215985065736972,0.00787246460095048,0.012983015738427639
new,aux12,1,200,268,0.08999116140051712,0.09086653607941808,0.11904313947473251,0.04813563951930559,0.04368757829070091,0.09672380983829498,0.007330046159583631,0.006820519454777241,0.012920763343572617,0.005592317395555133,0.004961847327649593,0.010402633808553219
new,aux12,201,400,265,0.08922168466347033,0.0898923309785979,0.11482946007024675,0.0453215056432868,0.03995106369256973,0.09527340531349182,0.0067660189892674956,0.006286380812525749,0.011122425086796284,0.0050801219445003095,0.004519410897046328,0.009769059717655182
new,aux12,401,600,268,0.08763159364435422,0.08783963118635474,0.11138855736880074,0.04287854160543587,0.03858586959540844,0.0912376195192337,0.006337629654618509,0.005951730301603675,0.009739306755363941,0.004679387480058749,0.004412426613271236,0.007782807108014822
new,aux12,601,800,267,0.08827619892412994,0.087880035951024,0.11944213935307094,0.044621506051861506,0.03943626955151558,0.0952945277094841,0.006212041862413622,0.0057922303676605225,0.009739303961396217,0.004757363234964036,0.004312010947614908,0.008019239641726017
new,aux12,801,1000,265,0.08654580051606556,0.08634375638905026,0.11410410915102277,0.04404940741523257,0.0382474847137928,0.08873837441205978,0.0061367399612757955,0.005669302307069302,0.00895431824028492,0.005045779594132361,0.004399158526211977,0.009668673388659954
new,aux12,1001,1200,265,0.0871222790169989,0.08618925440879094,0.11505823192142303,0.04308900373091675,0.03583364933729172,0.09105458855628967,0.006257866864215653,0.005946838762611151,0.009385866113007069,0.0049150273726620486,0.004279004409909248,0.009137174114584923
new,aux12,1201,1400,268,0.08689099442287908,0.08685249258719738,0.11105369066908247,0.0466268535759022,0.04067203029990196,0.10227560997009277,0.0064313252623290264,0.0063143528532236814,0.009053267538547516,0.0051032733628283075,0.00450929207727313,0.009952647611498833
new,aux12,1401,1600,268,0.08808791582150266,0.08716289636989434,0.1185501522961117,0.04380521324546591,0.03860543295741081,0.08549948036670685,0.006537660096299404,0.006132681621238589,0.01026720181107521,0.004813938516317241,0.004417746793478727,0.008044096641242504
new,aux12,1601,1800,266,0.08645295630073434,0.0853755156553927,0.11725758051588422,0.04068758925668111,0.0353739857673645,0.08205153793096542,0.005858094338677768,0.0055693890899419785,0.008636600337922573,0.004399913433182957,0.004069823306053877,0.007762297056615353
new,common20,1,200,444,0.13067650655384408,0.12453708070374671,0.20415147997084118,0.08607066464862106,0.07363741099834442,0.1870858520269394,0.015201458880501622,0.011661308817565441,0.03374827653169632,0.010108747629150917,0.007953678723424673,0.02495254948735237
new,common20,201,400,446,0.12368427809847296,0.11815876318585306,0.18689543789341337,0.0714247441879837,0.06369930878281593,0.14226004481315613,0.013030886478855738,0.010814185719937086,0.024498293176293373,0.008464302638474634,0.006855628918856382,0.018396008759737015
new,common20,401,600,442,0.11715085168128908,0.10993995233660653,0.17709643287318091,0.0688938097206547,0.06070042587816715,0.14506545662879944,0.01160291765660587,0.009952414780855179,0.02148285321891308,0.008220249203316092,0.006899979198351502,0.01632588729262352
new,common20,601,800,444,0.11284649703037976,0.10790133848786354,0.1653972849959419,0.0646893327472614,0.05629255063831806,0.12826569378376007,0.010253159269514317,0.009662776719778776,0.01736624166369438,0.007240455505345856,0.006547248922288418,0.013801096007227898
new,common20,801,1000,446,0.11069736433595884,0.1071182285391149,0.15890523436523618,0.05942434264397073,0.04987111873924732,0.13379117846488953,0.00962532720854297,0.009035995230078697,0.01468571089208126,0.006883599751549585,0.00624321261420846,0.012584226205945015
new,common20,1001,1200,447,0.10849016111316716,0.1052240598059836,0.1617406862122672,0.0604316997393899,0.05269536003470421,0.12585389614105225,0.009980598065618768,0.009347152896225452,0.016009556129574776,0.0070572587644777175,0.006262045819312334,0.014312677085399628
new,common20,1201,1400,443,0.10704246147230506,0.10319736741838001,0.15148556587241943,0.05603701651777492,0.05002252757549286,0.11353567242622375,0.010221412156248133,0.009725145995616913,0.015973135828971863,0.0068610533462252895,0.006283045746386051,0.01276758499443531
new,common20,1401,1600,443,0.10518483332564826,0.10132255547103428,0.15762635426861898,0.05917570546992611,0.05344001203775406,0.11805543303489685,0.009875736125738572,0.009248238056898117,0.015643000602722168,0.007037561519794654,0.006493196822702885,0.01179456990212202
new,common20,1601,1800,445,0.10335202523377121,0.10056893562986738,0.14863960161095574,0.05445728875864088,0.0458875373005867,0.12345851212739944,0.009263479550567905,0.008813872002065182,0.0143629414960742,0.006487839007383903,0.005638489034026861,0.012729421257972717
new,new_only4,1,200,88,0.12446738707578994,0.12033144295925186,0.16518771151701606,0.08455228200182319,0.07797996327280998,0.15779739618301392,0.013155436508399858,0.01156789343804121,0.02556878887116909,0.009681531916033815,0.00830516591668129,0.020322876051068306
new,new_only4,201,400,89,0.11542377255980568,0.10850952104443595,0.16584555378982,0.07143579961292529,0.06514406204223633,0.13639582693576813,0.010944439124399692,0.01025391835719347,0.018405262380838394,0.00762978760169798,0.0073967743664979935,0.012040960602462292
new,new_only4,401,600,90,0.11173344701134338,0.10949145009120304,0.1510601057892754,0.06755071950869428,0.0574121605604887,0.14816872775554657,0.009712252077750033,0.009500392246991396,0.014445275999605656,0.007069912247566713,0.00608079950325191,0.013148579746484756
new,new_only4,601,800,89,0.108022245088639,0.10593855664843604,0.1383974839534078,0.05995185689979725,0.052800171077251434,0.11724191159009933,0.009551402861566355,0.009122505784034729,0.014263786375522614,0.006783934741730938,0.0062487018294632435,0.011695020832121372
new,new_only4,801,1000,89,0.10501207241867237,0.10508294900258382,0.14692366832778567,0.05870887234262871,0.04960125312209129,0.13116945326328278,0.00928595999590634,0.009075486101210117,0.013421902433037758,0.006990599963981449,0.006025680806487799,0.013359958305954933
new,new_only4,1001,1200,88,0.10791226830414105,0.10403023198956535,0.14701305329799652,0.05668577319011092,0.05029314570128918,0.11428766697645187,0.00944008917378431,0.00915317889302969,0.013311579823493958,0.006665783616798845,0.006082069361582398,0.011843884363770485
new,new_only4,1201,1400,89,0.10489713464982692,0.10291736963249389,0.1373272147916612,0.05343202626060569,0.0486176535487175,0.1063217744231224,0.010494025235765436,0.00991351343691349,0.01491221971809864,0.006597453668148497,0.005962015595287085,0.01182363461703062
new,new_only4,1401,1600,89,0.10149518103842559,0.1018013787411508,0.13815220338957648,0.05993706526841675,0.04941944032907486,0.11705604940652847,0.009936370368879498,0.008892628364264965,0.01577143184840679,0.00704180094507638,0.006224446929991245,0.014287189580500126
new,new_only4,1601,1800,89,0.1036589883423349,0.10150560310908727,0.14348588387171426,0.056647738274396134,0.04785894230008125,0.1286962628364563,0.009014305543531193,0.008454028517007828,0.012549535371363163,0.006748135031588124,0.006309134885668755,0.011747144162654877
